Ubicación,tipo_propiedad,tamaño(m2),Habitaciones,Baños,Wi-Fi,aire_acondicionado,Balcón,Terraza,Jardín,Piscina,Calefacción,Lavadora,Secadora,Chimenea,Jacuzzi,Sauna,juegos_de_mesa,Parqueadero,price,age,id
laureles-estadio,Apartamento,60,1,1,1,1,0,0,0,0,0,1,1,1,0,0,0,1,201132,3,1
la américa,Apartamento,74,3,1,0,0,0,0,0,0,0,1,0,1,0,0,0,1,216307,2,2
san javier,Casa,72,2,2,1,0,0,1,0,0,0,1,1,0,0,0,1,1,215501,0,3
santa cruz,Apartamento,58,2,1,1,1,0,1,1,0,1,1,0,0,0,0,0,1,265098,4,4
buenos aires,Casa,77,2,2,0,1,1,0,0,0,0,0,0,0,0,0,0,1,181324,3,5
doce de octubre,Aparta-estudio,49,1,1,1,1,1,1,0,0,1,1,1,1,0,1,1,0,247138,2,6
la américa,Apartamento,52,2,1,0,1,0,0,0,0,0,1,1,0,0,0,1,1,256309,4,7
robledo,Apartamento,52,2,1,0,0,1,0,1,0,0,1,1,0,0,0,0,1,196581,2,8
belén,Casa,72,3,2,1,1,1,1,0,0,1,0,0,1,0,0,1,1,308264,0,9
la américa,Aparta-estudio,38,1,1,1,1,0,0,1,0,0,1,0,0,1,0,0,0,225413,4,10
villa hermosa,Apartamento,68,3,1,1,1,0,0,0,0,1,1,1,0,0,0,0,1,288094,1,11
belén,Aparta-estudio,30,1,1,1,1,1,1,0,0,0,0,0,0,0,1,0,1,348405,1,12
laureles-estadio,Apartamento,75,1,1,1,0,1,0,0,0,1,1,1,0,1,0,0,1,334476,2,13
laureles-estadio,Aparta-estudio,24,1,1,1,1,0,0,0,0,0,1,1,0,0,0,0,1,328797,3,14
popular,Apartamento,54,1,1,1,1,1,0,0,1,0,1,0,0,0,0,1,1,191832,0,15
aranjuez,Aparta-estudio,32,1,1,1,0,1,1,0,0,1,1,1,1,0,0,1,1,196985,0,16
santa cruz,Aparta-estudio,34,1,1,1,0,0,0,0,0,0,1,1,0,0,0,0,0,128805,2,17
villa hermosa,Casa,96,3,1,1,0,0,0,0,0,0,0,0,0,0,0,1,1,194104,2,18
la américa,Apartamento,64,1,1,1,0,1,1,0,0,0,1,1,0,0,0,0,1,195723,0,19
castilla,Aparta-estudio,23,1,1,1,0,1,0,1,0,0,1,0,1,0,0,0,1,234127,4,20
castilla,Casa,64,2,1,1,0,1,1,0,0,0,1,0,0,0,0,1,0,278373,2,21
doce de octubre,Aparta-estudio,34,1,1,1,0,0,0,1,1,1,1,0,1,0,0,0,1,240452,1,22
popular,Aparta-estudio,39,1,1,1,0,0,0,0,0,0,1,0,0,0,0,0,0,156386,1,23
san javier,Casa,85,4,2,0,0,0,1,0,0,1,1,1,0,0,0,0,1,238650,4,24
laureles-estadio,Aparta-estudio,34,1,1,0,1,0,0,1,0,1,1,1,0,0,0,0,1,262212,3,25
laureles-estadio,Apartamento,62,2,1,1,0,0,1,0,0,0,1,0,0,0,0,1,0,257955,0,26
popular,Aparta-estudio,44,1,1,1,0,0,0,0,0,0,1,0,0,0,0,0,1,133765,4,27
doce de octubre,Apartamento,40,1,1,0,1,0,0,0,1,0,1,1,1,0,0,0,1,253237,2,28
belén,Aparta-estudio,38,1,1,1,1,0,0,1,0,0,1,1,0,0,0,0,0,157776,1,29
doce de octubre,Casa,74,4,1,0,0,0,0,0,1,0,1,1,0,0,0,0,1,212124,0,30
buenos aires,Aparta-estudio,48,1,1,1,1,0,0,1,0,0,1,0,0,0,0,0,0,152813,0,31
buenos aires,Aparta-estudio,22,1,1,1,1,0,0,0,0,0,1,1,0,0,0,0,0,212852,0,32
manrique,Apartamento,75,2,1,1,0,0,1,0,0,0,1,1,1,0,0,1,0,182695,1,33
castilla,Apartamento,61,2,1,0,0,1,0,0,1,0,1,0,1,0,0,0,1,201174,0,34
la américa,Apartamento,46,2,1,0,1,0,0,0,1,0,1,0,0,1,0,1,1,356707,3,35
san antonio de prado,Apartamento,44,2,1,1,0,0,0,1,0,0,1,0,0,0,0,0,1,247415,1,36
laureles-estadio,Apartamento,48,1,1,1,1,0,1,0,0,0,0,1,0,0,0,1,1,309045,4,37
popular,Apartamento,56,3,1,1,1,1,0,0,0,0,1,0,0,0,0,1,1,197559,0,38
buenos aires,Aparta-estudio,30,1,1,1,0,1,0,0,0,0,1,0,0,0,0,0,0,97530,3,39
aranjuez,Aparta-estudio,47,1,1,1,0,1,0,0,0,1,1,0,0,0,0,0,0,172392,1,40
castilla,Aparta-estudio,36,1,1,1,1,1,0,0,0,1,1,0,1,0,0,1,0,199448,2,41
laureles-estadio,Apartamento,59,3,1,1,0,0,1,0,0,0,1,1,0,0,0,1,0,374820,1,42
doce de octubre,Apartamento,42,3,1,1,1,1,0,0,0,1,0,1,0,0,0,1,1,264980,1,43
buenos aires,Apartamento,74,1,1,1,0,0,0,0,0,0,1,0,0,0,0,1,0,210937,1,44
popular,Aparta-estudio,20,1,1,1,1,0,0,0,0,1,1,0,0,1,1,0,1,204485,3,45
aranjuez,Aparta-estudio,32,1,1,1,1,0,0,0,0,0,1,0,0,0,0,0,1,150319,3,46
villa hermosa,Aparta-estudio,32,1,1,1,1,1,0,1,0,1,0,1,0,0,0,0,1,200906,2,47
villa hermosa,Aparta-estudio,24,1,1,1,1,1,0,0,1,0,0,0,0,0,0,0,1,252369,4,48
villa hermosa,Casa,91,2,2,1,0,1,1,0,0,1,1,0,0,0,0,0,1,234355,1,49
robledo,Casa,67,4,1,1,1,1,0,1,0,0,0,0,0,0,0,0,0,288239,3,50
buenos aires,Apartamento,40,3,1,1,1,1,0,0,0,0,1,0,0,0,0,0,1,221872,1,51
robledo,Casa,80,3,1,1,1,0,1,0,0,1,1,0,1,0,0,0,1,335036,3,52
manrique,Aparta-estudio,44,1,1,1,0,0,1,0,0,0,1,1,0,0,0,1,1,203196,3,53
santa cruz,Apartamento,67,2,1,1,1,0,0,0,0,0,1,0,0,1,1,0,1,189802,4,54
robledo,Apartamento,57,3,1,1,0,0,0,0,0,0,1,0,0,0,0,0,1,233868,3,55
belén,Aparta-estudio,44,1,1,1,0,1,0,0,0,0,1,1,0,0,0,0,0,300643,1,56
el poblado,Aparta-estudio,57,1,1,0,1,0,0,0,0,0,1,0,0,0,0,0,1,192797,4,57
buenos aires,Aparta-estudio,43,1,1,1,0,0,0,0,0,0,0,0,1,0,0,0,1,110641,3,58
san javier,Aparta-estudio,24,1,1,0,0,1,0,0,1,1,0,1,0,0,0,1,1,230718,3,59
la américa,Apartamento,69,3,1,1,0,1,0,0,0,0,1,0,0,0,0,1,1,305327,4,60
la américa,Apartamento,48,1,1,1,0,0,1,0,1,0,1,1,0,0,0,0,0,269321,0,61
buenos aires,Aparta-estudio,30,1,1,1,1,0,1,0,0,0,1,1,0,0,0,1,0,176118,3,62
buenos aires,Casa,79,4,1,1,1,0,0,0,0,1,1,1,1,1,1,0,0,375330,3,63
buenos aires,Apartamento,52,2,1,1,0,0,0,0,0,0,0,1,0,0,0,0,0,144946,4,64
laureles-estadio,Casa,94,3,1,0,1,1,0,0,0,1,1,0,0,0,0,0,1,296941,1,65
el poblado,Aparta-estudio,38,1,1,1,0,0,0,1,1,0,1,0,1,0,0,0,1,354317,3,66
belén,Apartamento,51,1,1,1,1,0,0,0,1,1,0,0,0,0,1,1,1,319491,0,67
aranjuez,Aparta-estudio,30,1,1,1,1,0,0,0,0,0,1,1,0,0,0,0,0,188049,2,68
belén,Casa,86,4,1,1,0,1,0,0,0,0,1,0,1,0,0,0,0,257909,4,69
robledo,Casa,61,2,1,1,1,0,0,0,0,0,0,0,1,0,0,0,0,186492,0,70
santa cruz,Apartamento,73,3,1,1,1,0,0,1,0,1,1,1,0,0,1,0,0,213661,0,71
la américa,Aparta-estudio,43,1,1,1,0,1,0,0,1,1,1,0,0,0,0,0,0,207628,0,72
san antonio de prado,Apartamento,77,1,1,1,0,0,1,0,1,1,1,0,0,0,0,0,0,159570,2,73
santa cruz,Aparta-estudio,49,1,1,1,1,1,0,0,0,1,1,0,0,0,0,1,1,200652,0,74
buenos aires,Apartamento,79,2,1,1,0,0,0,1,0,1,0,1,1,0,1,0,0,246368,3,75
robledo,Aparta-estudio,32,1,1,1,1,1,0,0,0,0,1,1,0,0,0,1,1,243857,2,76
san javier,Apartamento,62,1,1,1,0,1,1,0,0,1,1,1,1,1,0,0,0,229264,3,77
belén,Apartamento,79,2,1,0,0,1,0,1,0,0,1,0,0,0,0,1,0,173145,2,78
san javier,Aparta-estudio,28,1,1,1,1,1,0,0,0,0,1,1,0,0,0,0,0,146122,4,79
san javier,Aparta-estudio,33,1,1,1,1,1,1,0,0,0,0,0,0,0,1,1,1,235659,4,80
manrique,Aparta-estudio,45,1,1,0,0,1,0,1,1,1,1,0,0,0,0,1,1,174670,1,81
doce de octubre,Aparta-estudio,47,1,1,1,1,0,0,0,0,0,1,1,0,0,0,1,1,177951,0,82
manrique,Aparta-estudio,49,1,1,1,1,0,0,0,0,0,0,0,0,0,0,0,1,170553,3,83
aranjuez,Casa,73,3,2,1,0,1,1,0,0,1,1,1,0,0,0,0,1,257948,2,84
doce de octubre,Apartamento,60,1,1,1,1,0,1,0,0,1,1,1,0,0,0,1,0,178310,0,85
santa cruz,Aparta-estudio,48,1,1,1,0,1,0,0,0,0,1,1,0,0,0,0,1,160625,3,86
manrique,Aparta-estudio,43,1,1,1,1,1,0,0,0,0,1,1,1,0,0,0,1,173171,2,87
villa hermosa,Apartamento,71,3,1,0,0,0,0,0,0,0,1,1,0,0,0,0,1,148913,3,89
aranjuez,Aparta-estudio,37,1,1,1,0,0,0,1,0,0,1,1,0,0,0,0,1,192378,3,90
la américa,Apartamento,50,3,1,1,0,0,1,1,1,0,1,0,0,1,0,0,0,290418,2,91
castilla,Apartamento,45,1,1,1,0,0,0,0,0,1,1,0,0,0,0,1,0,161015,3,92
la américa,Apartamento,44,2,1,1,1,0,0,0,0,0,1,0,0,0,0,0,0,206160,4,93
san javier,Aparta-estudio,36,1,1,1,1,1,0,0,0,0,1,0,0,0,0,0,1,192932,4,94
la américa,Aparta-estudio,38,1,1,0,0,0,1,0,0,0,1,0,0,0,0,1,1,232298,3,95
castilla,Apartamento,60,2,1,1,1,1,0,0,0,0,1,1,0,0,0,1,1,237845,1,96
san javier,Aparta-estudio,36,1,1,0,0,0,0,0,0,0,1,1,0,0,0,0,0,175196,4,97
belén,Apartamento,77,1,1,1,1,1,0,1,1,0,1,0,0,0,1,0,1,257778,0,98
villa hermosa,Aparta-estudio,46,1,1,1,0,0,0,0,0,0,0,1,0,1,0,1,1,188927,1,99
san antonio de prado,Aparta-estudio,39,1,1,1,1,1,0,0,0,0,1,0,0,0,0,0,0,137162,0,100
robledo,Apartamento,73,3,1,1,0,1,1,0,0,1,1,0,0,0,0,1,1,197391,3,101
aranjuez,Casa,98,4,1,1,1,0,0,0,0,1,0,0,0,1,0,0,1,227196,2,102
san javier,Aparta-estudio,39,1,1,1,0,1,0,0,0,1,1,0,0,0,0,0,1,206336,4,103
aranjuez,Casa,99,4,1,1,0,0,0,0,0,0,1,1,0,0,0,0,1,198274,2,104
la américa,Apartamento,78,1,1,1,0,0,0,0,0,0,0,0,0,1,0,0,0,190374,4,105
doce de octubre,Aparta-estudio,28,1,1,0,0,0,1,1,0,0,1,0,0,0,0,0,1,158396,0,106
robledo,Aparta-estudio,42,1,1,1,0,0,0,0,0,0,1,0,1,0,0,1,1,119384,2,108
buenos aires,Apartamento,53,2,1,1,1,1,0,0,0,0,0,0,0,0,0,0,1,194155,1,109
laureles-estadio,Apartamento,62,1,1,1,1,1,0,1,1,0,0,0,0,0,0,1,0,224563,3,110
aranjuez,Apartamento,53,3,1,1,1,0,1,0,0,0,1,0,0,0,0,1,1,181497,3,111
buenos aires,Aparta-estudio,24,1,1,1,1,0,0,0,0,0,1,1,0,0,0,0,0,169539,4,112
san antonio de prado,Casa,72,4,1,1,0,1,0,0,0,0,1,1,0,1,0,0,0,300907,3,113
la américa,Aparta-estudio,21,1,1,1,0,1,0,0,0,0,1,1,0,0,0,0,1,281884,4,115
doce de octubre,Apartamento,46,3,1,1,1,1,1,0,0,1,1,0,1,0,0,1,0,250042,3,116
la américa,Apartamento,70,3,1,1,0,1,0,0,0,1,0,1,0,0,0,0,1,190888,1,117
robledo,Apartamento,73,3,1,0,0,1,0,0,0,0,0,1,0,0,0,0,1,237149,2,118
doce de octubre,Aparta-estudio,38,1,1,1,0,1,0,0,0,0,1,1,0,0,0,0,0,121990,0,119
manrique,Aparta-estudio,44,1,1,1,0,0,1,0,0,0,0,0,0,0,0,1,1,182803,0,120
robledo,Apartamento,44,1,1,1,1,1,0,0,0,0,0,1,0,0,0,0,1,254190,4,121
manrique,Aparta-estudio,21,1,1,0,1,1,1,0,0,1,1,0,0,1,0,1,0,207539,2,122
robledo,Casa,86,4,1,0,0,0,0,1,0,0,1,1,0,0,0,0,0,221151,1,123
aranjuez,Aparta-estudio,41,1,1,1,0,0,1,0,0,0,1,0,0,0,0,0,0,191561,4,124
popular,Apartamento,58,2,1,1,0,0,0,0,0,0,1,0,0,1,0,0,0,152463,2,126
aranjuez,Aparta-estudio,22,1,1,1,1,0,0,0,0,0,0,0,0,0,0,0,1,202539,3,127
buenos aires,Aparta-estudio,30,1,1,1,1,1,0,0,0,1,1,1,1,0,0,0,1,289402,1,128
aranjuez,Aparta-estudio,49,1,1,0,0,1,0,0,0,1,1,0,0,0,0,0,1,111224,0,129
san javier,Aparta-estudio,32,1,1,1,0,0,0,0,0,0,1,1,0,0,0,1,1,134346,3,130
manrique,Aparta-estudio,48,1,1,1,1,0,0,0,0,1,1,1,0,0,1,0,1,176219,3,131
santa cruz,Apartamento,52,2,1,0,1,0,0,1,0,0,1,0,0,0,0,0,1,208988,0,132
villa hermosa,Aparta-estudio,20,1,1,1,1,1,0,0,0,1,1,1,0,0,1,1,0,276822,1,133
villa hermosa,Aparta-estudio,45,1,1,1,1,0,1,0,0,0,1,1,1,0,0,0,0,193010,4,134
belén,Apartamento,59,1,1,1,0,0,0,0,0,0,1,1,1,1,1,1,0,326030,1,135
la américa,Apartamento,73,1,1,0,1,0,1,0,0,1,1,1,0,0,0,0,1,334498,0,136
san javier,Aparta-estudio,27,1,1,0,1,0,0,1,0,0,1,0,0,0,0,0,0,166521,0,137
belén,Apartamento,60,1,1,1,0,0,0,1,0,0,0,1,0,0,0,0,1,213392,2,138
la américa,Aparta-estudio,32,1,1,1,1,0,1,1,0,1,1,0,1,0,0,1,1,279450,0,139
buenos aires,Apartamento,60,1,1,1,0,0,0,0,0,0,0,1,1,0,0,1,0,140377,3,140
manrique,Apartamento,78,3,1,1,1,1,1,1,0,0,1,0,0,0,0,0,1,292416,1,141
villa hermosa,Aparta-estudio,22,1,1,0,0,0,0,0,0,0,1,0,0,0,1,0,0,179765,1,142
belén,Casa,64,3,2,1,1,0,1,0,0,1,1,0,0,0,0,1,0,270057,2,143
san javier,Apartamento,45,3,1,0,1,0,0,0,0,0,1,0,0,0,0,0,1,142432,3,144
la américa,Apartamento,56,2,1,1,1,0,0,0,0,0,0,1,1,0,0,0,1,202967,0,145
buenos aires,Apartamento,47,3,1,0,1,0,0,0,0,0,1,0,1,0,0,0,1,203843,1,146
santa cruz,Apartamento,45,3,1,0,1,0,0,0,1,1,0,1,0,0,0,0,1,249138,0,147
villa hermosa,Aparta-estudio,33,1,1,1,1,1,1,0,0,0,1,1,1,0,0,0,1,261839,2,148
villa hermosa,Apartamento,50,1,1,1,0,0,0,1,0,0,1,0,0,0,0,1,0,231777,3,149
doce de octubre,Aparta-estudio,21,1,1,1,1,0,0,0,1,1,0,1,0,0,0,0,1,201372,3,150
la américa,Aparta-estudio,46,1,1,0,0,1,1,0,0,1,0,1,0,0,0,1,1,302391,2,151
popular,Aparta-estudio,30,1,1,1,1,1,0,0,1,1,0,0,0,0,0,0,1,205329,1,152
robledo,Apartamento,54,3,1,1,0,1,0,0,0,0,1,1,0,0,0,0,0,245521,0,153
belén,Aparta-estudio,30,1,1,1,1,0,0,0,1,0,1,1,0,0,0,1,1,339805,4,154
san javier,Apartamento,76,2,1,1,1,0,0,0,0,0,1,1,0,0,0,0,0,178235,2,155
robledo,Casa,87,4,1,0,1,0,0,0,0,0,0,1,0,0,0,1,1,215046,2,156
castilla,Apartamento,70,3,1,0,1,0,0,0,0,1,0,1,0,0,0,0,1,182479,0,157
doce de octubre,Aparta-estudio,38,1,1,1,1,1,1,0,0,0,1,0,0,0,0,1,0,226218,0,158
la américa,Apartamento,55,2,1,1,1,0,0,1,0,0,1,0,0,0,0,1,1,201503,1,159
robledo,Casa,74,2,2,1,1,0,0,0,1,0,1,0,0,0,0,1,1,229539,1,160
castilla,Apartamento,47,3,1,1,1,0,1,0,0,0,1,0,0,0,1,0,1,195030,4,161
santa cruz,Apartamento,48,1,1,0,1,0,1,0,0,0,1,0,0,0,1,0,1,197167,2,162
manrique,Aparta-estudio,37,1,1,1,0,1,0,0,0,0,0,0,0,0,0,0,1,122819,2,163
buenos aires,Aparta-estudio,47,1,1,1,0,1,0,0,0,0,1,0,0,0,0,0,1,197737,0,164
laureles-estadio,Casa,99,2,1,0,0,0,0,0,0,1,1,0,0,0,0,1,1,289440,2,165
laureles-estadio,Casa,75,2,1,0,0,0,0,0,0,0,0,0,0,0,0,1,1,373542,1,166
san antonio de prado,Aparta-estudio,49,1,1,1,0,0,0,0,0,0,1,1,0,1,0,0,0,171765,1,167
popular,Apartamento,73,2,1,1,1,1,1,0,0,0,0,1,1,0,0,0,1,257696,4,168
aranjuez,Apartamento,40,3,1,0,1,1,0,0,0,0,1,0,0,0,1,1,1,201002,4,169
aranjuez,Apartamento,71,1,1,0,0,0,1,0,0,0,0,0,0,0,0,1,0,173251,3,170
san antonio de prado,Aparta-estudio,29,1,1,1,0,1,0,0,0,0,0,0,0,0,0,0,1,108318,3,171
laureles-estadio,Apartamento,62,1,1,1,1,0,0,0,0,1,0,0,0,0,0,0,1,379482,0,172
manrique,Aparta-estudio,37,1,1,1,0,1,0,0,0,0,1,0,0,0,0,0,1,150619,0,173
san antonio de prado,Apartamento,73,3,1,1,0,1,0,0,0,0,1,1,0,0,0,0,0,230694,2,174
manrique,Aparta-estudio,33,1,1,1,1,0,0,0,0,0,1,0,0,0,0,0,0,152456,3,175
manrique,Aparta-estudio,33,1,1,1,1,1,1,0,0,1,0,1,0,0,0,1,1,241232,0,176
santa cruz,Apartamento,53,3,1,1,1,0,0,1,0,1,1,0,0,0,0,0,0,175300,3,177
la américa,Apartamento,71,3,1,1,0,1,1,0,0,0,1,0,0,0,0,0,0,297929,3,178
laureles-estadio,Casa,60,3,1,1,0,1,0,1,0,0,1,1,0,0,0,1,1,375170,4,179
manrique,Casa,65,3,1,1,1,0,0,1,0,0,1,1,0,0,0,0,1,272813,2,180
villa hermosa,Apartamento,51,1,1,1,1,0,0,0,1,0,1,0,0,0,0,0,0,204995,2,181
belén,Apartamento,53,2,1,1,0,1,1,0,0,0,1,1,0,0,0,1,1,257240,2,182
laureles-estadio,Apartamento,75,1,1,0,1,0,0,0,0,1,1,0,0,0,0,1,0,341460,3,183
laureles-estadio,Apartamento,68,1,1,1,1,0,0,0,0,1,0,0,0,0,0,0,1,332222,4,184
san antonio de prado,Aparta-estudio,47,1,1,1,1,0,1,0,0,0,0,0,1,1,0,0,1,164801,2,185
santa cruz,Aparta-estudio,39,1,1,1,1,1,1,0,0,0,0,0,0,0,0,0,1,130677,4,187
robledo,Apartamento,42,2,1,1,1,0,0,0,0,0,0,0,0,1,0,0,1,178070,0,188
villa hermosa,Apartamento,52,1,1,1,0,0,0,0,1,1,1,0,1,0,0,0,0,273019,2,189
san javier,Apartamento,55,2,1,1,1,0,0,0,0,1,0,0,0,0,0,0,0,178279,4,190
buenos aires,Aparta-estudio,35,1,1,1,1,0,0,1,0,0,0,1,0,1,0,1,1,211975,3,191
doce de octubre,Aparta-estudio,20,1,1,1,0,0,1,0,0,0,0,1,1,0,0,1,1,165476,1,192
la américa,Aparta-estudio,30,1,1,0,1,0,0,0,0,0,1,0,0,0,0,0,1,161419,1,193
manrique,Apartamento,58,2,1,0,0,0,0,0,0,1,0,1,0,0,0,0,1,185138,3,194
laureles-estadio,Apartamento,46,3,1,1,1,0,1,0,0,0,1,0,0,0,0,0,0,358517,4,195
laureles-estadio,Apartamento,43,2,1,1,0,0,0,0,0,0,1,1,0,0,0,0,1,373297,3,196
belén,Casa,85,3,1,1,1,1,0,0,0,0,1,1,1,0,0,0,0,373550,4,197
laureles-estadio,Aparta-estudio,36,1,1,1,0,0,0,0,0,0,1,0,0,0,0,0,1,251203,1,198
popular,Aparta-estudio,40,1,1,1,0,0,0,1,0,0,1,1,0,0,0,0,0,147509,2,199
santa cruz,Aparta-estudio,41,1,1,1,0,1,0,0,1,1,0,0,0,0,1,1,0,198668,2,200
buenos aires,Apartamento,56,1,1,1,0,1,0,0,0,1,0,0,0,0,0,1,0,213589,3,201
popular,Apartamento,41,2,1,1,0,0,0,1,0,0,1,1,0,0,0,0,1,184417,4,202
la américa,Aparta-estudio,48,1,1,1,1,1,0,1,0,0,0,1,0,0,0,0,1,196259,4,203
aranjuez,Aparta-estudio,30,1,1,1,1,0,0,0,1,0,1,1,0,0,0,0,1,185025,1,204
robledo,Aparta-estudio,46,1,1,1,0,0,1,0,0,1,0,1,0,0,0,0,0,132580,1,205
laureles-estadio,Apartamento,57,1,1,1,1,1,0,0,0,0,1,0,0,0,0,1,1,264367,0,206
laureles-estadio,Aparta-estudio,38,1,1,1,0,0,0,0,1,0,1,0,0,0,0,0,0,206804,3,207
belén,Casa,95,2,1,1,0,1,0,0,1,0,1,1,0,0,0,0,0,362660,3,208
popular,Aparta-estudio,30,1,1,1,0,0,0,1,0,0,0,1,1,0,0,0,0,153217,3,209
san antonio de prado,Aparta-estudio,45,1,1,1,0,0,0,0,0,0,1,1,0,0,0,0,1,140470,0,210
buenos aires,Aparta-estudio,20,1,1,1,1,1,1,0,0,0,1,1,0,1,0,0,1,231893,0,211
san javier,Aparta-estudio,37,1,1,1,1,0,0,0,0,0,0,0,0,0,0,0,1,132483,1,212
castilla,Apartamento,65,2,1,1,1,0,1,0,0,1,1,1,0,0,0,0,1,258322,4,213
doce de octubre,Aparta-estudio,26,1,1,1,0,1,1,0,0,0,1,1,0,0,0,0,1,194154,0,214
manrique,Apartamento,73,1,1,1,0,0,0,1,0,0,1,1,1,0,0,0,1,247339,0,215
la américa,Aparta-estudio,43,1,1,1,0,1,0,0,0,0,1,0,0,1,0,0,1,166613,4,216
doce de octubre,Apartamento,54,2,1,1,0,1,1,0,0,0,1,0,0,0,0,1,0,151160,4,219
san javier,Aparta-estudio,22,1,1,0,1,0,0,0,0,1,1,1,0,0,1,0,0,178389,3,220
buenos aires,Apartamento,79,3,1,1,0,0,1,0,0,0,1,0,0,0,0,0,0,263370,0,221
robledo,Aparta-estudio,29,1,1,1,1,0,0,0,0,0,1,0,0,0,1,1,0,170296,2,222
san antonio de prado,Aparta-estudio,41,1,1,1,1,0,0,1,0,1,1,0,0,0,0,1,1,173770,2,223
buenos aires,Apartamento,77,1,1,1,1,1,0,0,0,1,1,1,0,0,0,0,0,237700,4,224
laureles-estadio,Apartamento,74,2,1,1,0,0,0,1,0,0,0,0,0,0,0,0,1,381339,0,225
aranjuez,Apartamento,57,1,1,1,1,1,0,0,1,0,1,1,1,0,0,0,1,312586,4,226
manrique,Apartamento,58,1,1,0,1,1,0,0,0,0,1,1,0,0,0,0,1,229412,2,227
santa cruz,Apartamento,71,2,1,1,1,0,0,0,0,0,1,1,1,0,0,0,0,198711,0,228
villa hermosa,Aparta-estudio,38,1,1,1,1,1,0,0,0,1,0,0,0,0,0,0,1,178171,1,229
popular,Casa,62,2,1,1,0,0,0,0,0,0,1,0,1,0,0,1,0,172480,0,230
robledo,Aparta-estudio,43,1,1,0,0,1,0,0,0,0,1,0,0,1,0,0,0,161507,0,231
castilla,Casa,61,4,2,1,1,0,0,1,0,0,1,1,0,0,0,1,1,330604,2,233
doce de octubre,Aparta-estudio,46,1,1,1,0,0,1,0,0,0,0,0,0,0,1,0,1,124899,4,234
el poblado,Aparta-estudio,76,1,1,1,1,1,0,0,0,0,1,0,0,0,0,1,1,207169,4,235
villa hermosa,Casa,71,4,2,1,0,0,1,1,0,0,1,0,1,0,0,0,1,240327,4,236
laureles-estadio,Apartamento,60,2,1,1,0,0,0,0,0,0,0,0,1,0,0,1,1,278236,2,237
castilla,Casa,62,3,1,1,0,1,0,0,1,0,0,0,0,0,0,0,1,219114,1,238
villa hermosa,Casa,67,4,1,1,1,1,0,0,0,0,1,0,0,0,0,0,0,281674,0,239
la américa,Apartamento,51,1,1,0,1,1,0,1,0,0,1,1,0,1,0,1,1,273079,0,240
villa hermosa,Apartamento,68,3,1,1,0,0,0,0,0,1,1,0,0,1,0,1,1,265277,0,241
doce de octubre,Aparta-estudio,46,1,1,0,0,1,1,0,0,1,1,1,0,1,0,0,0,204818,4,242
la américa,Aparta-estudio,28,1,1,1,1,0,0,0,0,0,0,0,1,0,1,0,0,228072,4,245
manrique,Aparta-estudio,47,1,1,1,0,1,0,0,0,1,1,1,0,0,0,1,1,204580,4,246
buenos aires,Apartamento,59,1,1,0,1,1,0,0,0,0,0,0,1,0,0,0,0,253982,1,247
castilla,Aparta-estudio,45,1,1,1,0,0,0,0,0,0,1,1,1,0,0,0,0,173912,4,248
laureles-estadio,Aparta-estudio,24,1,1,0,0,0,1,0,1,0,1,1,0,0,0,0,1,358875,3,249
santa cruz,Aparta-estudio,35,1,1,1,1,0,0,0,0,1,1,0,0,0,0,0,0,165702,1,250
belén,Apartamento,51,3,1,1,0,0,0,0,0,0,1,1,1,1,0,0,1,272807,2,251
san javier,Aparta-estudio,31,1,1,0,0,1,0,1,0,0,1,0,0,0,0,0,1,178703,3,252
popular,Aparta-estudio,20,1,1,1,0,1,1,0,0,0,1,0,0,0,0,0,0,121733,0,253
villa hermosa,Apartamento,62,3,1,1,0,1,0,0,0,0,1,0,0,0,0,0,1,174248,2,254
popular,Apartamento,52,2,1,1,1,0,0,0,0,0,1,1,0,0,0,1,0,171182,1,255
buenos aires,Apartamento,65,3,1,1,0,0,0,0,0,0,1,0,1,1,1,0,1,209197,0,256
manrique,Aparta-estudio,36,1,1,0,0,1,0,0,0,0,1,0,0,0,0,1,1,176082,2,257
aranjuez,Aparta-estudio,34,1,1,0,0,0,0,0,0,0,1,0,0,0,0,0,1,172187,3,258
manrique,Apartamento,56,3,1,1,1,0,0,0,0,1,1,1,1,1,0,0,1,299826,4,259
castilla,Casa,98,4,2,0,0,1,0,1,0,0,1,1,1,0,0,0,1,286739,2,261
santa cruz,Aparta-estudio,36,1,1,0,1,1,1,0,0,0,1,0,1,0,0,1,1,167921,2,262
doce de octubre,Apartamento,57,3,1,1,1,0,1,0,0,1,1,1,0,0,0,0,0,197554,3,263
belén,Apartamento,66,1,1,1,1,0,1,0,0,0,0,0,0,0,0,0,0,184932,1,264
san javier,Casa,60,4,1,1,0,1,0,0,0,0,1,0,0,0,0,1,0,213641,2,265
aranjuez,Apartamento,49,1,1,0,1,0,0,0,0,0,1,0,0,0,1,0,1,135633,2,266
aranjuez,Aparta-estudio,44,1,1,1,1,0,0,0,0,1,0,1,0,0,0,0,0,123742,1,267
doce de octubre,Apartamento,45,3,1,0,0,0,0,1,0,1,1,0,0,1,0,1,1,258390,3,268
laureles-estadio,Apartamento,78,3,1,0,0,1,0,0,0,1,0,0,0,0,0,0,0,284031,0,269
manrique,Apartamento,76,3,1,1,0,0,0,0,0,1,1,1,1,0,0,1,0,197924,2,270
manrique,Aparta-estudio,28,1,1,0,0,1,1,0,0,1,0,1,0,0,0,0,0,196035,1,271
popular,Casa,81,3,2,1,1,1,0,0,0,0,0,0,0,0,0,1,0,198478,4,272
villa hermosa,Casa,65,3,1,1,0,1,0,0,0,0,1,1,0,0,0,0,0,265422,3,273
villa hermosa,Aparta-estudio,24,1,1,0,0,0,0,0,0,0,1,1,0,0,0,0,0,90166,3,274
villa hermosa,Aparta-estudio,32,1,1,1,1,0,1,0,0,1,1,1,0,0,0,1,1,266759,2,275
popular,Apartamento,69,1,1,1,0,1,0,1,0,0,1,1,0,0,1,0,1,218079,2,276
villa hermosa,Apartamento,75,3,1,0,1,0,0,0,0,1,1,1,0,0,0,0,0,163085,4,277
buenos aires,Apartamento,57,2,1,1,1,1,0,0,0,0,1,1,0,0,0,0,0,200921,2,278
santa cruz,Aparta-estudio,30,1,1,1,1,0,0,0,0,1,1,0,0,0,0,0,1,162093,2,279
manrique,Apartamento,57,2,1,1,1,1,0,0,0,1,0,0,1,0,0,0,0,241323,3,280
doce de octubre,Apartamento,72,1,1,1,0,1,0,1,0,0,0,0,0,0,0,0,1,144798,0,281
buenos aires,Casa,89,2,2,0,1,0,0,1,0,0,0,1,0,0,0,0,1,218117,2,282
villa hermosa,Casa,94,2,1,1,0,1,0,0,1,0,1,0,0,0,0,0,1,266124,1,283
laureles-estadio,Apartamento,58,2,1,1,0,1,0,0,0,0,1,1,1,0,0,0,1,306545,1,284
laureles-estadio,Apartamento,58,1,1,1,0,0,0,1,0,1,1,1,0,0,0,0,1,286105,3,285
manrique,Aparta-estudio,21,1,1,1,1,1,0,1,0,0,1,0,0,0,0,0,1,169466,3,287
laureles-estadio,Apartamento,51,1,1,1,0,1,0,0,0,0,1,0,0,0,0,0,1,238408,0,288
robledo,Aparta-estudio,40,1,1,1,1,0,0,0,0,1,1,0,1,0,0,0,0,178996,1,289
aranjuez,Casa,75,3,1,1,1,0,0,1,0,0,1,0,0,0,0,0,1,285917,3,290
belén,Aparta-estudio,40,1,1,0,1,0,0,0,0,0,1,1,0,0,0,0,1,296018,1,291
robledo,Aparta-estudio,46,1,1,1,0,1,0,0,0,0,1,0,1,0,0,1,1,194702,2,292
santa cruz,Aparta-estudio,23,1,1,1,0,0,1,1,0,1,1,0,0,1,0,0,0,192519,1,293
robledo,Aparta-estudio,24,1,1,0,1,0,1,1,0,0,1,0,0,0,0,0,1,244911,1,294
san antonio de prado,Apartamento,48,2,1,1,0,1,0,0,0,0,1,0,0,0,0,0,1,202057,2,295
robledo,Apartamento,42,1,1,1,0,0,0,0,0,0,1,0,0,0,0,0,1,116441,1,296
la américa,Apartamento,68,1,1,1,0,1,0,0,0,0,1,1,0,0,0,1,0,284283,0,298
san javier,Casa,85,4,2,1,0,0,0,1,0,0,1,1,0,0,0,1,0,208448,4,299
santa cruz,Apartamento,44,2,1,0,0,1,0,1,1,0,1,0,0,0,0,1,1,222150,2,300
villa hermosa,Aparta-estudio,30,1,1,1,0,0,0,0,0,1,1,0,0,0,0,0,0,136934,2,301
san javier,Casa,85,3,1,1,1,0,0,0,0,1,1,0,0,0,0,0,1,207154,2,302
santa cruz,Apartamento,74,2,1,1,0,1,1,0,1,1,1,1,0,0,0,1,1,282395,1,303
robledo,Aparta-estudio,29,1,1,1,1,1,0,1,0,0,0,1,0,0,0,1,1,194068,1,304
robledo,Apartamento,50,1,1,1,0,0,0,1,0,1,0,1,0,0,0,0,1,201197,3,305
santa cruz,Aparta-estudio,33,1,1,1,1,1,1,0,0,0,1,0,0,0,0,0,1,199158,1,306
villa hermosa,Apartamento,72,1,1,1,0,1,1,0,0,0,1,0,0,1,0,0,1,202142,3,307
buenos aires,Aparta-estudio,24,1,1,0,1,1,1,1,0,1,1,1,0,0,0,1,0,190542,4,308
buenos aires,Casa,81,2,1,1,1,1,1,1,0,1,1,0,0,0,0,0,1,321489,2,309
el poblado,Casa,179,4,2,1,0,0,0,1,0,0,1,0,1,0,0,0,0,359581,2,310
la américa,Apartamento,52,3,1,1,1,0,0,0,0,0,1,1,0,0,0,0,0,188038,1,312
popular,Aparta-estudio,27,1,1,0,1,1,0,0,0,0,1,0,0,0,0,0,1,183307,3,313
buenos aires,Aparta-estudio,38,1,1,1,0,1,0,0,0,0,1,0,0,0,0,1,1,219565,3,314
doce de octubre,Apartamento,40,3,1,0,0,0,0,0,0,0,1,0,0,0,0,0,1,197732,3,315
san javier,Aparta-estudio,28,1,1,1,1,1,0,0,0,1,1,1,0,0,0,0,1,224396,2,316
castilla,Casa,73,2,1,1,0,0,0,0,0,0,1,0,0,0,0,0,0,155139,4,317
manrique,Apartamento,76,3,1,1,1,1,1,0,0,0,1,0,0,0,0,1,1,265957,0,318
popular,Aparta-estudio,28,1,1,1,1,1,0,0,0,1,1,0,0,0,0,0,0,166474,1,319
manrique,Apartamento,70,2,1,1,0,1,0,0,0,0,1,0,0,0,0,0,1,182528,1,320
laureles-estadio,Apartamento,58,2,1,1,1,1,0,0,0,0,0,0,0,0,0,0,1,351373,0,321
popular,Apartamento,59,3,1,1,1,1,1,0,0,0,1,1,0,0,0,0,0,201331,3,322
doce de octubre,Aparta-estudio,31,1,1,1,0,1,0,0,0,0,1,1,1,0,0,0,1,160368,3,323
manrique,Aparta-estudio,20,1,1,0,1,0,0,0,0,0,1,0,0,0,0,0,0,118404,4,324
castilla,Aparta-estudio,49,1,1,1,0,0,1,0,0,0,1,0,0,0,0,0,0,118715,4,325
laureles-estadio,Apartamento,52,2,1,0,1,0,0,0,0,0,1,0,0,0,0,0,1,172710,3,326
belén,Apartamento,60,2,1,1,0,0,0,0,0,1,1,0,0,0,0,0,1,159016,0,327
doce de octubre,Casa,68,2,2,1,1,0,1,0,0,0,1,1,1,0,0,0,0,298752,0,328
aranjuez,Aparta-estudio,28,1,1,1,1,1,1,0,1,0,1,1,0,0,0,1,1,224331,0,330
villa hermosa,Apartamento,61,1,1,1,1,1,0,0,0,0,1,0,0,0,0,1,1,179751,3,331
robledo,Apartamento,66,2,1,1,0,1,1,1,0,0,1,0,0,0,0,1,0,254950,1,332
villa hermosa,Apartamento,78,3,1,1,0,1,0,1,1,0,0,0,1,0,0,0,1,236733,1,333
popular,Aparta-estudio,29,1,1,1,1,0,0,0,0,1,0,1,1,0,0,1,0,153324,4,334
aranjuez,Apartamento,48,1,1,0,0,1,0,0,0,1,1,0,1,0,0,1,1,188154,1,335
san javier,Apartamento,47,1,1,1,0,0,0,0,0,0,1,0,0,0,0,0,1,159787,0,336
doce de octubre,Apartamento,69,3,1,1,0,1,1,0,0,1,1,1,0,0,0,0,0,202929,4,337
robledo,Apartamento,66,2,1,1,1,1,0,0,0,1,0,1,0,0,0,1,0,167631,0,339
belén,Apartamento,51,3,1,1,0,1,1,0,0,0,1,0,0,0,0,0,0,215744,0,340
san javier,Apartamento,57,3,1,1,1,0,0,1,0,1,0,0,0,0,0,0,0,219086,4,341
buenos aires,Apartamento,59,3,1,1,0,0,1,0,0,0,1,0,0,0,0,0,1,262188,1,342
aranjuez,Aparta-estudio,33,1,1,1,1,1,0,0,0,1,0,0,0,0,0,1,1,136063,0,343
san antonio de prado,Aparta-estudio,34,1,1,1,1,1,0,0,0,1,1,0,0,0,1,0,0,246919,3,344
popular,Casa,81,2,1,0,1,0,0,0,0,0,0,0,0,0,1,0,1,225515,2,345
san antonio de prado,Casa,82,3,1,0,0,1,1,0,0,0,1,1,1,0,0,1,1,285389,2,346
doce de octubre,Apartamento,54,3,1,0,1,0,1,0,0,0,1,0,0,0,1,0,0,231464,0,347
castilla,Apartamento,56,1,1,1,0,0,0,1,0,0,1,0,1,0,0,0,0,171742,1,348
doce de octubre,Aparta-estudio,30,1,1,1,1,0,1,0,0,0,1,0,0,0,0,1,1,148711,4,349
san javier,Apartamento,50,3,1,1,0,0,0,0,1,0,0,0,1,0,0,1,1,259041,3,350
san javier,Aparta-estudio,39,1,1,0,1,0,0,1,0,0,0,0,0,0,0,0,1,114929,0,351
la américa,Apartamento,57,2,1,1,0,1,0,0,0,0,1,1,0,0,0,0,0,274416,3,352
doce de octubre,Apartamento,43,3,1,1,1,1,0,0,0,1,1,1,0,0,0,0,0,179100,1,354
aranjuez,Apartamento,57,1,1,1,0,1,1,1,1,0,1,0,0,0,1,1,1,316025,2,355
santa cruz,Aparta-estudio,22,1,1,1,1,0,0,0,0,0,1,1,0,0,0,1,0,172338,2,356
san antonio de prado,Aparta-estudio,27,1,1,0,0,0,0,0,0,0,1,1,0,0,0,1,0,108243,4,357
castilla,Apartamento,72,1,1,1,1,0,0,0,0,0,0,0,0,0,1,0,1,163364,0,358
santa cruz,Aparta-estudio,20,1,1,1,0,1,0,0,0,0,1,1,1,0,0,1,1,174227,0,360
la américa,Apartamento,69,2,1,1,0,0,1,0,1,0,1,1,0,0,0,0,1,209440,0,361
laureles-estadio,Aparta-estudio,29,1,1,1,0,1,0,1,0,0,1,1,0,0,0,0,1,381886,1,362
laureles-estadio,Apartamento,72,3,1,0,0,0,1,0,0,0,0,0,0,0,0,0,1,284356,0,363
castilla,Casa,67,4,1,1,0,1,0,1,0,0,1,0,1,0,1,1,1,326576,2,364
doce de octubre,Apartamento,71,3,1,1,0,1,1,0,0,0,1,1,0,0,0,1,0,229298,1,366
popular,Apartamento,48,2,1,1,1,0,0,1,0,0,1,1,0,0,0,1,1,221314,3,367
villa hermosa,Apartamento,65,2,1,1,1,0,0,0,1,1,1,1,0,0,0,0,1,271487,1,368
santa cruz,Apartamento,71,2,1,1,0,0,1,0,0,0,1,1,1,0,1,0,0,230614,4,369
aranjuez,Aparta-estudio,21,1,1,1,0,0,0,0,0,0,1,0,0,1,0,1,0,158598,1,370
san antonio de prado,Apartamento,74,1,1,1,0,0,0,0,0,0,1,1,0,0,0,1,1,176624,1,371
santa cruz,Apartamento,77,3,1,1,1,1,0,0,0,0,1,0,0,0,0,0,1,164394,0,373
doce de octubre,Casa,88,2,2,1,1,0,1,0,0,0,0,1,0,0,0,0,1,283604,4,375
buenos aires,Aparta-estudio,32,1,1,0,0,1,1,0,0,0,0,1,0,0,0,1,0,164570,1,376
san javier,Aparta-estudio,27,1,1,1,0,0,0,0,0,1,1,1,0,0,0,0,1,139784,1,377
buenos aires,Aparta-estudio,30,1,1,1,1,0,0,0,1,0,0,0,0,0,1,1,1,193966,2,378
san javier,Aparta-estudio,37,1,1,1,0,0,1,0,0,1,1,1,0,0,0,0,0,168333,4,379
manrique,Apartamento,74,2,1,1,1,0,0,0,0,0,1,0,0,0,0,0,1,159482,2,380
castilla,Apartamento,50,1,1,1,0,1,0,1,0,1,1,0,0,1,0,1,1,268865,3,381
doce de octubre,Apartamento,47,2,1,1,1,0,1,0,0,0,0,1,0,0,0,0,0,149996,3,382
manrique,Apartamento,44,2,1,1,1,1,1,0,1,0,1,0,0,0,0,0,0,249963,4,383
castilla,Casa,85,4,2,1,0,1,0,1,0,0,1,1,0,0,1,0,0,266507,1,384
popular,Aparta-estudio,39,1,1,1,1,0,0,0,0,0,1,0,0,1,0,1,1,201429,4,385
belén,Apartamento,76,1,1,1,1,0,0,0,0,0,1,0,0,0,0,0,0,236596,4,386
robledo,Aparta-estudio,22,1,1,1,0,0,1,0,0,0,1,1,0,0,1,0,1,143848,4,387
san antonio de prado,Apartamento,61,1,1,1,1,1,0,0,0,1,1,1,0,0,0,1,1,241712,4,388
la américa,Apartamento,77,3,1,1,1,0,1,0,0,0,0,0,0,0,0,0,1,327921,1,389
laureles-estadio,Aparta-estudio,44,1,1,1,0,0,1,0,0,0,1,1,0,0,0,0,1,180803,0,390
la américa,Aparta-estudio,46,1,1,1,1,0,0,1,0,1,0,0,0,0,0,0,1,282867,4,391
robledo,Casa,74,4,1,1,1,0,0,0,0,0,1,1,1,0,0,0,1,256557,3,392
san antonio de prado,Apartamento,65,1,1,1,1,0,1,0,0,1,1,1,0,0,0,0,0,164332,2,393
la américa,Aparta-estudio,37,1,1,1,1,1,1,0,0,1,1,0,0,0,0,0,0,312688,0,394
belén,Aparta-estudio,33,1,1,1,0,0,0,0,0,0,1,0,0,0,0,0,1,276784,4,395
manrique,Casa,64,2,2,1,1,0,1,0,0,0,1,1,0,0,0,0,1,270663,2,396
doce de octubre,Aparta-estudio,21,1,1,1,1,0,0,0,1,0,1,0,1,0,0,0,0,241544,0,397
buenos aires,Apartamento,73,2,1,0,1,0,0,0,0,0,0,0,1,0,0,1,1,253011,3,398
santa cruz,Aparta-estudio,26,1,1,1,1,1,1,0,0,0,0,0,0,0,0,0,0,143081,0,399
villa hermosa,Aparta-estudio,33,1,1,1,0,1,1,0,0,1,1,1,0,0,0,0,1,189870,2,400
manrique,Aparta-estudio,45,1,1,1,0,0,1,0,1,0,1,1,0,0,0,0,0,163858,4,401
belén,Aparta-estudio,41,1,1,1,1,0,1,0,0,0,1,0,1,0,0,0,0,164744,3,402
la américa,Casa,87,3,2,1,1,0,0,0,0,0,1,0,1,0,0,0,0,218417,0,403
santa cruz,Apartamento,54,3,1,1,0,1,1,0,0,0,1,0,1,0,0,0,1,234314,0,404
buenos aires,Apartamento,78,1,1,1,0,0,0,0,0,0,0,1,0,0,0,0,1,184689,4,405
la américa,Apartamento,53,3,1,1,0,0,0,0,0,1,1,0,0,1,0,0,1,267126,1,406
castilla,Aparta-estudio,23,1,1,1,1,1,0,0,0,1,1,1,0,1,0,0,1,206031,2,407
villa hermosa,Aparta-estudio,47,1,1,1,0,0,1,1,0,0,1,0,0,0,1,0,1,245321,2,408
belén,Apartamento,64,1,1,0,1,0,0,0,0,0,0,1,0,0,0,0,1,149807,4,409
san antonio de prado,Apartamento,40,2,1,1,0,0,1,0,0,0,1,0,1,1,0,0,1,254020,0,410
castilla,Aparta-estudio,45,1,1,0,1,0,0,1,0,1,0,0,0,0,0,0,1,191969,3,411
robledo,Aparta-estudio,42,1,1,1,0,1,1,0,1,0,1,0,0,0,0,0,1,226913,1,412
la américa,Apartamento,64,2,1,0,0,0,1,0,0,1,1,0,0,0,0,1,1,224737,3,413
san antonio de prado,Casa,73,3,1,1,0,1,0,0,0,1,1,0,0,0,0,0,0,174980,3,414
san javier,Apartamento,46,3,1,1,1,0,0,1,1,0,0,0,0,0,0,0,0,231833,2,415
robledo,Apartamento,51,1,1,1,1,1,0,0,0,0,1,0,0,0,0,0,1,153905,3,416
san javier,Casa,90,3,2,1,0,1,0,0,0,0,1,1,0,0,1,1,1,284156,2,417
manrique,Aparta-estudio,40,1,1,1,0,1,1,0,0,0,0,1,0,0,1,0,1,224755,4,418
doce de octubre,Aparta-estudio,45,1,1,1,1,0,0,0,0,0,0,1,0,0,0,1,0,148814,0,419
robledo,Apartamento,71,2,1,1,1,0,0,0,0,0,1,1,0,0,0,1,1,234814,3,420
villa hermosa,Apartamento,44,1,1,1,0,1,0,0,0,0,1,0,1,0,0,0,0,156195,4,421
castilla,Apartamento,56,2,1,0,1,0,1,0,0,0,0,1,0,0,0,0,1,217988,2,422
san javier,Aparta-estudio,45,1,1,1,0,1,0,0,1,0,1,0,0,0,1,0,0,203155,1,423
robledo,Aparta-estudio,44,1,1,1,0,0,0,0,0,0,1,1,0,0,0,1,1,169488,1,424
castilla,Apartamento,58,1,1,0,1,0,1,1,0,0,0,0,0,0,0,0,0,219718,1,425
santa cruz,Aparta-estudio,35,1,1,0,1,0,0,0,0,0,0,1,0,0,0,0,0,130862,2,426
doce de octubre,Casa,60,4,2,1,1,0,0,1,1,0,0,1,0,0,0,0,1,310089,3,427
la américa,Aparta-estudio,37,1,1,1,1,0,0,0,0,0,1,0,1,0,0,1,1,196362,2,428
santa cruz,Aparta-estudio,34,1,1,1,0,1,0,0,0,0,1,1,0,0,0,0,1,187462,4,429
castilla,Apartamento,62,3,1,1,0,0,0,0,0,1,0,1,1,0,0,0,0,245470,3,430
villa hermosa,Casa,69,4,1,1,1,0,0,0,0,0,1,1,0,1,0,1,1,337307,1,431
san javier,Casa,67,2,1,1,0,0,1,0,0,0,1,0,0,1,0,0,1,203419,4,432
manrique,Aparta-estudio,49,1,1,1,0,0,0,1,0,1,1,1,0,0,0,1,1,191101,1,433
popular,Apartamento,40,1,1,1,1,1,0,1,1,0,1,0,0,0,0,0,0,223355,1,434
villa hermosa,Apartamento,63,3,1,1,0,0,0,1,0,0,0,1,0,0,0,0,1,155884,4,435
belén,Aparta-estudio,38,1,1,1,0,0,0,0,0,0,1,0,0,0,1,0,0,299243,4,436
popular,Apartamento,51,2,1,1,1,1,1,0,0,0,0,1,0,1,0,1,0,252187,2,437
doce de octubre,Aparta-estudio,37,1,1,1,1,1,1,0,1,1,1,0,0,0,0,1,0,269446,2,439
santa cruz,Apartamento,49,2,1,1,0,0,0,0,0,1,1,0,0,0,0,0,1,180523,3,440
belén,Aparta-estudio,29,1,1,0,1,1,1,0,0,1,1,0,0,0,0,0,0,237275,2,441
santa cruz,Aparta-estudio,30,1,1,1,0,1,0,0,0,0,1,0,0,0,0,0,0,165760,2,442
doce de octubre,Aparta-estudio,32,1,1,1,0,1,1,0,0,0,1,1,0,0,0,1,1,160001,4,443
robledo,Aparta-estudio,23,1,1,1,1,0,0,0,0,0,1,1,0,0,0,0,1,218071,0,444
popular,Aparta-estudio,38,1,1,1,0,0,0,0,0,0,1,0,0,0,0,0,1,134465,2,445
la américa,Aparta-estudio,37,1,1,0,0,1,0,0,0,0,1,0,0,0,0,0,0,240128,2,446
belén,Casa,85,4,2,1,0,0,1,0,0,0,0,0,0,0,0,0,1,211225,2,447
castilla,Aparta-estudio,40,1,1,1,1,0,0,1,0,0,1,0,1,0,0,0,1,245184,0,448
san antonio de prado,Casa,82,3,1,0,1,0,0,1,1,0,0,0,0,0,0,1,1,255727,0,449
laureles-estadio,Apartamento,75,1,1,1,1,0,0,0,0,0,0,0,0,0,0,1,1,213369,0,450
doce de octubre,Aparta-estudio,36,1,1,1,1,1,0,0,0,0,1,0,0,0,1,0,0,174706,2,451
santa cruz,Apartamento,57,2,1,0,0,0,0,0,1,0,1,1,1,0,0,0,0,190839,2,452
castilla,Apartamento,43,2,1,1,1,1,1,0,0,0,1,1,0,0,0,0,1,279343,3,453
manrique,Casa,82,2,2,1,0,0,0,0,0,0,0,1,0,0,0,0,1,216304,1,454
villa hermosa,Casa,72,2,1,1,1,0,0,0,0,0,1,0,0,0,0,0,1,255421,2,455
san javier,Aparta-estudio,21,1,1,1,0,1,0,0,0,0,1,1,0,0,0,0,0,154461,0,456
laureles-estadio,Aparta-estudio,38,1,1,1,0,0,0,0,1,0,1,0,1,0,0,1,1,337564,3,457
doce de octubre,Aparta-estudio,47,1,1,1,0,0,0,0,0,0,1,1,0,0,1,0,1,123818,4,458
doce de octubre,Aparta-estudio,20,1,1,1,0,1,0,0,0,1,0,0,0,1,0,0,0,189289,1,459
castilla,Apartamento,63,2,1,1,1,0,0,0,0,0,1,1,0,0,0,0,0,162131,3,460
doce de octubre,Casa,82,3,1,1,0,0,0,0,1,1,0,0,1,0,0,0,1,239743,0,461
aranjuez,Apartamento,53,2,1,1,1,1,0,0,0,0,0,0,0,0,0,0,1,148188,4,462
doce de octubre,Aparta-estudio,49,1,1,1,1,1,0,1,0,0,1,1,0,1,1,0,1,233302,1,463
laureles-estadio,Apartamento,59,1,1,1,1,0,0,1,0,0,1,1,0,0,0,0,1,288450,3,464
manrique,Aparta-estudio,22,1,1,1,1,0,0,0,0,1,1,1,1,0,0,0,0,197213,2,465
san antonio de prado,Aparta-estudio,29,1,1,0,0,1,0,0,0,0,0,0,0,0,0,0,1,141623,3,466
buenos aires,Aparta-estudio,36,1,1,1,0,0,0,0,0,0,0,0,1,0,0,0,1,115557,4,467
buenos aires,Aparta-estudio,21,1,1,1,1,1,0,0,0,1,1,1,0,0,0,1,0,222401,3,468
castilla,Aparta-estudio,43,1,1,1,0,0,0,1,0,1,1,1,1,0,1,0,1,256397,4,469
manrique,Apartamento,73,1,1,1,1,1,0,0,0,1,1,0,0,0,0,0,1,155589,2,470
san antonio de prado,Apartamento,48,3,1,1,1,0,1,0,0,0,0,1,0,1,1,0,0,267960,1,471
el poblado,Apartamento,128,1,1,0,1,1,0,0,0,1,1,0,0,0,0,0,0,310418,4,472
buenos aires,Aparta-estudio,44,1,1,1,1,0,1,0,0,0,1,1,1,0,0,0,1,176847,1,473
san antonio de prado,Aparta-estudio,36,1,1,0,1,1,0,0,0,0,1,1,0,1,0,1,0,169663,3,474
belén,Casa,74,4,2,1,0,1,0,0,0,0,1,0,0,1,0,0,0,311908,1,475
aranjuez,Aparta-estudio,31,1,1,1,1,1,0,0,0,1,1,0,0,0,0,0,0,144138,0,476
popular,Apartamento,55,1,1,1,1,1,0,1,0,1,1,0,0,0,0,0,1,220437,2,477
buenos aires,Apartamento,67,1,1,0,1,1,0,1,0,0,0,1,0,0,0,0,1,169176,0,478
santa cruz,Aparta-estudio,46,1,1,1,1,0,0,0,0,1,1,0,0,0,0,0,1,181504,1,479
castilla,Casa,70,2,1,1,1,0,0,0,0,1,0,0,1,1,0,0,1,242497,2,480
robledo,Aparta-estudio,36,1,1,1,1,1,0,0,1,0,1,0,0,0,0,1,1,298684,1,481
santa cruz,Aparta-estudio,40,1,1,1,1,1,0,0,0,1,0,0,0,0,0,1,1,148143,4,482
santa cruz,Apartamento,53,3,1,1,1,0,0,0,0,0,1,1,1,0,0,0,0,170914,4,484
san javier,Aparta-estudio,38,1,1,1,1,0,1,0,0,0,1,0,0,0,0,0,1,156576,2,485
robledo,Apartamento,49,3,1,1,0,0,1,1,0,0,0,1,0,1,0,1,0,231875,2,486
laureles-estadio,Apartamento,57,3,1,1,1,1,0,0,0,0,0,1,0,1,0,0,1,352854,4,487
robledo,Apartamento,65,3,1,1,0,0,1,0,0,1,1,0,0,0,0,1,1,283752,2,488
doce de octubre,Casa,75,4,1,0,1,1,1,0,1,0,1,0,0,0,1,0,0,265455,0,489
san javier,Apartamento,47,1,1,0,0,1,0,0,0,0,1,0,0,0,0,0,0,175821,1,490
buenos aires,Apartamento,76,1,1,1,0,0,1,0,0,0,1,0,0,0,0,1,0,185739,2,491
santa cruz,Apartamento,62,2,1,0,0,0,1,0,0,1,1,1,0,0,1,1,0,190565,1,492
la américa,Casa,88,4,1,1,0,1,1,0,0,0,0,1,0,0,0,0,0,357443,4,493
doce de octubre,Apartamento,72,1,1,1,1,0,0,0,0,0,1,0,0,0,0,0,0,123412,3,494
manrique,Aparta-estudio,26,1,1,1,1,0,1,0,0,0,1,1,0,0,0,0,1,216575,4,495
aranjuez,Casa,94,2,2,0,1,1,0,1,0,0,1,0,1,0,0,0,1,274202,1,496
aranjuez,Aparta-estudio,25,1,1,1,1,0,0,0,1,0,1,1,1,0,0,0,0,194362,4,497
manrique,Apartamento,48,1,1,1,0,1,1,0,0,0,1,1,0,0,1,0,1,231557,3,498
belén,Aparta-estudio,33,1,1,1,0,1,0,0,0,0,0,1,0,0,0,0,1,215031,0,499
belén,Apartamento,76,1,1,1,1,0,0,0,0,1,0,0,0,0,0,0,0,280618,3,500
santa cruz,Apartamento,64,3,1,1,0,0,0,0,0,0,1,0,0,0,0,0,0,133886,4,501
buenos aires,Apartamento,54,1,1,0,0,1,0,0,0,0,1,0,0,0,0,0,1,229700,2,503
castilla,Apartamento,50,1,1,1,0,1,0,0,0,0,1,0,0,0,0,0,1,229709,2,504
la américa,Apartamento,67,1,1,1,0,0,1,0,0,0,1,1,0,0,0,0,1,236458,3,505
castilla,Aparta-estudio,28,1,1,1,0,0,0,0,0,0,1,1,0,0,0,1,1,182940,2,506
castilla,Casa,69,2,1,0,1,0,1,0,0,0,0,0,0,0,0,0,1,183114,2,507
laureles-estadio,Casa,67,4,1,1,0,0,0,0,0,0,1,0,0,0,0,0,1,332294,4,508
buenos aires,Aparta-estudio,46,1,1,1,1,1,1,0,0,0,0,0,0,0,0,1,1,210508,0,509
popular,Aparta-estudio,30,1,1,1,1,1,1,0,0,1,1,1,0,0,0,0,0,202293,3,510
san antonio de prado,Apartamento,74,3,1,1,1,0,1,0,0,0,1,1,0,0,0,0,1,284540,2,511
san javier,Aparta-estudio,49,1,1,1,1,1,1,0,0,0,1,0,1,1,0,1,0,274888,1,512
manrique,Apartamento,65,1,1,1,1,0,1,0,0,0,0,0,1,0,0,1,1,174901,2,513
villa hermosa,Aparta-estudio,26,1,1,1,1,1,0,0,0,1,1,1,0,0,0,0,1,258517,0,514
doce de octubre,Apartamento,49,1,1,1,1,1,1,0,0,0,1,1,1,0,0,0,0,203679,4,515
castilla,Apartamento,65,1,1,1,0,0,1,0,1,1,1,1,0,0,0,0,1,230045,4,516
san antonio de prado,Aparta-estudio,43,1,1,1,1,0,0,1,0,0,1,0,0,0,0,0,0,136136,4,517
robledo,Aparta-estudio,36,1,1,1,0,1,0,0,0,0,0,0,0,0,0,0,1,184792,3,518
popular,Aparta-estudio,36,1,1,1,0,1,0,0,0,0,0,0,0,0,0,0,0,104603,2,520
laureles-estadio,Casa,95,3,1,0,1,0,0,0,0,0,0,0,1,0,0,1,1,303405,0,521
robledo,Casa,81,4,2,1,1,1,0,0,0,0,1,1,0,0,0,0,0,246153,0,522
castilla,Apartamento,50,3,1,1,1,0,1,0,0,1,1,1,0,0,0,0,0,240358,4,523
doce de octubre,Apartamento,57,3,1,1,1,0,0,0,0,0,1,1,1,0,0,0,0,189119,1,524
manrique,Apartamento,76,3,1,0,1,0,0,0,0,1,1,0,0,1,0,0,0,168162,0,525
san antonio de prado,Apartamento,49,1,1,1,1,1,0,0,0,0,1,1,1,0,0,0,1,278041,2,526
popular,Aparta-estudio,44,1,1,1,0,0,0,0,0,0,0,0,0,0,0,0,0,136053,2,527
santa cruz,Apartamento,69,3,1,1,1,1,0,0,0,1,0,1,0,0,0,0,1,194323,0,528
robledo,Casa,98,3,1,1,1,1,1,0,0,0,1,1,0,0,0,0,0,231286,3,529
santa cruz,Aparta-estudio,27,1,1,1,1,1,1,0,0,0,1,1,0,0,0,1,1,237646,2,530
robledo,Casa,88,3,2,1,0,0,1,0,1,1,0,1,1,0,0,0,1,345455,3,531
la américa,Apartamento,60,3,1,1,1,1,0,0,0,1,1,0,0,0,0,0,1,242692,3,532
villa hermosa,Casa,95,3,1,1,1,1,0,0,0,1,1,0,0,0,0,1,1,313410,3,533
laureles-estadio,Aparta-estudio,23,1,1,1,0,0,0,0,0,0,0,0,1,0,1,0,0,266020,3,534
santa cruz,Apartamento,77,1,1,1,0,0,1,0,0,0,1,0,0,0,0,0,0,152595,0,536
san antonio de prado,Aparta-estudio,28,1,1,1,1,1,0,0,1,0,1,1,0,1,0,0,1,218308,4,537
belén,Casa,74,3,2,1,1,1,1,0,0,0,1,0,0,0,0,0,0,295105,1,538
belén,Apartamento,79,3,1,0,0,1,1,0,0,0,1,1,0,0,0,0,1,260323,0,540
aranjuez,Apartamento,57,2,1,1,0,1,0,0,0,1,1,1,0,0,0,0,0,153891,1,541
aranjuez,Apartamento,78,1,1,1,1,0,0,0,0,1,1,0,0,0,0,1,1,194899,2,542
santa cruz,Apartamento,58,1,1,1,1,0,1,0,0,1,1,0,0,0,0,0,0,195115,1,543
castilla,Apartamento,78,2,1,1,1,1,1,0,0,0,1,0,0,0,0,0,1,280851,3,544
santa cruz,Aparta-estudio,43,1,1,1,0,0,0,1,0,0,1,0,0,0,0,1,0,118162,1,545
laureles-estadio,Aparta-estudio,42,1,1,1,0,0,0,0,0,0,0,0,0,0,0,0,1,264494,3,546
villa hermosa,Casa,98,3,2,0,1,1,0,1,0,0,0,0,0,0,0,0,0,289585,3,547
aranjuez,Apartamento,76,2,1,1,1,0,1,1,0,0,0,0,0,0,0,1,1,234194,3,548
doce de octubre,Apartamento,75,2,1,1,1,0,0,0,0,0,0,1,0,0,0,0,1,164471,0,549
belén,Aparta-estudio,34,1,1,1,0,1,1,0,0,0,1,0,0,0,1,0,0,233614,2,550
robledo,Aparta-estudio,24,1,1,1,1,0,0,1,0,0,1,1,0,1,1,0,0,174956,2,551
la américa,Apartamento,46,3,1,1,1,1,0,1,0,0,1,0,1,0,0,0,0,278230,1,552
robledo,Apartamento,53,2,1,1,1,1,0,1,0,0,1,1,0,0,0,0,1,209160,2,553
manrique,Apartamento,41,1,1,1,0,1,1,0,0,1,1,1,0,0,1,0,1,234430,3,554
villa hermosa,Aparta-estudio,30,1,1,1,1,0,0,0,0,0,1,0,1,0,0,1,0,190170,0,555
doce de octubre,Apartamento,44,1,1,1,0,0,0,0,0,0,0,1,0,0,0,0,0,187602,1,556
belén,Aparta-estudio,32,1,1,1,1,1,1,0,0,0,1,1,0,0,0,0,1,359613,1,557
san javier,Aparta-estudio,31,1,1,1,0,0,0,0,1,0,1,1,1,0,0,1,1,205607,2,558
san javier,Apartamento,62,3,1,1,1,0,0,0,0,0,1,0,0,0,1,0,0,168783,3,559
popular,Apartamento,53,2,1,0,1,0,0,0,0,0,0,0,1,0,0,1,1,185627,4,560
popular,Casa,80,3,1,1,0,1,0,0,0,1,1,0,0,0,0,1,1,241419,2,561
villa hermosa,Aparta-estudio,39,1,1,1,0,0,1,0,0,0,1,1,0,0,0,0,1,210629,2,562
san javier,Apartamento,47,3,1,1,1,1,0,0,0,1,1,1,0,0,0,0,0,225900,1,564
san javier,Apartamento,61,1,1,1,1,0,1,0,0,0,1,0,0,0,0,0,1,186166,1,565
popular,Apartamento,66,3,1,1,1,0,0,0,0,0,1,0,0,0,0,0,0,170098,4,566
robledo,Aparta-estudio,44,1,1,1,0,0,0,1,0,0,1,0,0,0,0,0,1,162726,1,567
belén,Apartamento,55,1,1,1,1,1,0,0,0,1,1,0,0,0,0,1,1,211325,1,568
belén,Casa,72,2,1,1,0,0,0,0,0,0,1,1,0,0,0,0,0,264047,1,570
san antonio de prado,Apartamento,67,3,1,1,0,0,1,0,1,0,1,0,0,0,0,1,0,184036,2,571
aranjuez,Apartamento,45,1,1,1,1,0,0,0,0,1,1,0,1,0,0,0,0,191364,0,572
santa cruz,Apartamento,79,1,1,1,1,1,1,1,0,0,1,1,0,0,0,1,1,263731,3,573
popular,Aparta-estudio,47,1,1,1,0,1,0,0,0,0,0,0,0,0,0,0,0,114594,4,574
doce de octubre,Casa,82,2,1,1,1,1,0,0,0,0,1,1,1,0,0,0,0,227036,2,575
castilla,Aparta-estudio,27,1,1,1,1,1,1,0,1,0,1,0,0,1,0,0,1,291602,0,576
doce de octubre,Aparta-estudio,30,1,1,1,0,0,1,0,1,0,1,0,0,0,0,0,1,203751,3,577
aranjuez,Aparta-estudio,45,1,1,1,0,0,0,0,0,0,1,0,1,0,0,0,0,117307,0,578
san antonio de prado,Casa,76,3,1,1,1,0,0,0,0,1,1,0,0,0,1,0,1,299585,2,579
doce de octubre,Apartamento,42,1,1,1,1,0,1,0,0,0,1,0,0,0,0,0,1,218528,1,580
aranjuez,Apartamento,40,2,1,1,1,0,1,0,1,0,0,1,0,0,0,0,1,192766,4,581
villa hermosa,Apartamento,42,1,1,1,0,0,0,0,0,0,1,1,0,0,0,1,1,217193,4,582
san antonio de prado,Apartamento,56,3,1,0,1,1,0,0,0,0,0,0,0,0,0,0,0,229976,0,583
laureles-estadio,Aparta-estudio,48,1,1,1,1,0,0,0,0,0,1,1,0,0,0,0,1,343667,4,584
popular,Apartamento,64,3,1,1,0,1,1,1,0,0,1,0,0,0,1,0,1,280116,4,585
villa hermosa,Aparta-estudio,30,1,1,1,1,0,0,0,0,0,1,1,0,0,0,0,1,192399,3,586
buenos aires,Aparta-estudio,31,1,1,1,0,0,1,1,0,0,1,1,0,0,0,0,1,266407,4,587
doce de octubre,Aparta-estudio,48,1,1,1,1,0,0,0,0,0,1,1,0,0,0,0,0,135925,2,588
aranjuez,Apartamento,40,1,1,1,0,0,0,1,0,1,1,1,0,0,0,0,0,213753,3,589
el poblado,Casa,274,2,1,1,0,0,1,0,0,0,0,0,0,0,0,0,0,283403,4,590
aranjuez,Apartamento,48,3,1,1,0,0,0,0,0,0,0,1,0,1,0,1,1,170118,2,591
castilla,Casa,84,2,2,1,1,1,1,0,0,0,0,0,0,0,0,1,0,264190,0,592
robledo,Apartamento,40,1,1,1,1,0,1,0,0,1,1,0,0,0,0,0,0,174560,1,593
manrique,Apartamento,42,3,1,1,0,0,0,0,1,0,1,1,0,0,0,1,1,190331,4,594
la américa,Aparta-estudio,20,1,1,1,0,1,0,0,1,0,1,0,0,0,0,0,1,203089,0,595
popular,Aparta-estudio,47,1,1,1,0,0,1,0,0,0,1,0,0,0,0,0,0,159133,0,596
doce de octubre,Aparta-estudio,33,1,1,0,1,0,1,0,0,0,1,0,1,0,0,1,1,205244,4,597
popular,Aparta-estudio,29,1,1,1,0,1,0,1,0,1,1,0,1,0,0,1,0,186548,3,598
buenos aires,Apartamento,50,1,1,1,1,0,0,0,0,0,1,1,0,0,0,0,0,258837,1,599
doce de octubre,Apartamento,60,1,1,0,1,1,0,0,0,0,1,1,0,1,0,1,0,214172,3,600
villa hermosa,Aparta-estudio,42,1,1,1,0,1,0,1,0,1,1,0,0,1,1,0,1,245901,3,601
buenos aires,Aparta-estudio,37,1,1,1,1,1,0,0,0,1,1,0,0,0,0,0,1,248050,1,602
el poblado,Aparta-estudio,30,1,1,1,1,0,0,0,0,0,1,1,0,0,0,0,1,305986,2,603
aranjuez,Apartamento,62,3,1,0,1,0,0,0,0,1,1,0,0,0,0,0,1,193135,2,604
buenos aires,Aparta-estudio,44,1,1,0,1,1,0,0,0,0,0,1,0,0,0,1,0,196880,0,606
san javier,Apartamento,42,1,1,1,0,1,1,0,0,0,1,0,0,0,0,1,1,167286,3,607
santa cruz,Aparta-estudio,24,1,1,1,0,0,0,0,0,0,0,0,0,0,0,1,0,146806,0,608
san antonio de prado,Apartamento,52,3,1,1,1,0,0,0,0,1,1,0,1,0,0,1,1,259917,4,609
robledo,Casa,76,2,2,1,1,1,0,1,0,0,0,1,1,0,0,1,1,297983,2,610
aranjuez,Apartamento,72,2,1,1,0,0,0,0,0,0,0,0,0,0,0,1,0,198504,0,611
castilla,Casa,70,3,2,1,1,0,0,0,0,1,1,0,0,0,0,0,1,259255,2,612
robledo,Apartamento,79,1,1,0,1,1,0,1,0,0,0,0,1,0,0,0,1,298704,4,613
castilla,Casa,93,3,1,1,1,0,0,0,0,0,1,1,0,1,0,0,0,215389,2,614
buenos aires,Aparta-estudio,24,1,1,1,1,0,1,0,0,0,1,1,0,0,0,0,0,191398,3,615
belén,Apartamento,42,3,1,1,1,1,1,0,0,0,1,0,0,1,0,0,1,242450,2,616
la américa,Aparta-estudio,25,1,1,1,1,0,0,0,1,0,1,0,1,0,0,0,1,285203,3,617
belén,Apartamento,55,1,1,1,0,1,0,0,0,1,1,1,1,0,0,0,1,331940,0,618
manrique,Apartamento,48,3,1,1,1,1,0,0,1,1,0,0,0,0,0,1,1,250645,0,619
doce de octubre,Aparta-estudio,29,1,1,0,1,0,1,1,0,0,1,1,0,0,0,0,0,148417,1,620
doce de octubre,Apartamento,66,2,1,0,1,0,1,0,0,0,0,0,0,0,0,0,0,217977,1,621
belén,Aparta-estudio,33,1,1,1,1,0,0,0,0,1,1,1,0,0,0,0,1,254097,0,622
aranjuez,Casa,81,3,1,0,1,1,0,0,0,0,0,0,0,0,0,0,1,180598,1,623
san javier,Aparta-estudio,31,1,1,1,1,0,0,1,1,0,1,1,0,0,0,0,1,239538,4,624
aranjuez,Aparta-estudio,38,1,1,1,0,0,0,0,0,1,1,1,0,1,0,0,1,232157,4,625
belén,Aparta-estudio,24,1,1,0,0,1,1,0,0,1,1,0,0,0,0,0,1,265340,0,626
castilla,Apartamento,47,1,1,1,1,0,0,0,0,1,1,0,0,0,1,0,1,181264,1,627
popular,Apartamento,74,2,1,1,1,0,0,0,0,0,1,0,0,1,0,0,0,158941,4,628
san javier,Aparta-estudio,41,1,1,1,1,0,0,0,0,1,1,1,0,0,0,0,1,207259,1,629
buenos aires,Casa,77,2,1,1,0,0,0,0,0,0,1,1,0,0,0,1,0,245126,0,630
castilla,Aparta-estudio,34,1,1,0,0,0,0,0,0,0,0,0,0,0,0,0,1,85195,0,631
san antonio de prado,Apartamento,58,1,1,0,1,0,1,0,0,0,0,0,0,0,0,0,1,157124,1,632
san javier,Apartamento,51,3,1,1,0,0,0,0,0,0,0,0,0,0,0,0,1,136770,3,633
popular,Aparta-estudio,29,1,1,1,1,0,1,0,0,0,1,0,0,0,0,0,0,159274,4,634
san javier,Aparta-estudio,29,1,1,1,1,1,0,0,0,0,1,0,0,0,0,0,1,189497,2,635
popular,Aparta-estudio,34,1,1,0,0,0,0,0,0,1,1,0,0,0,0,0,1,114209,4,637
san javier,Apartamento,43,2,1,1,0,1,0,0,0,0,1,0,0,1,0,0,1,190309,4,638
manrique,Apartamento,59,1,1,1,0,1,0,0,0,0,0,1,0,0,0,0,1,187076,0,639
laureles-estadio,Casa,82,2,1,0,0,1,1,0,1,0,0,1,0,0,1,0,1,320302,4,641
robledo,Apartamento,70,2,1,0,0,1,0,0,1,1,1,1,0,1,0,0,1,214140,3,642
robledo,Casa,70,3,2,1,0,0,0,0,0,0,0,1,0,0,0,0,1,201492,2,643
santa cruz,Aparta-estudio,43,1,1,0,0,1,0,1,1,0,1,1,0,0,0,0,0,217268,3,644
robledo,Aparta-estudio,34,1,1,1,0,0,1,0,0,0,1,1,0,0,0,1,0,160707,1,645
manrique,Aparta-estudio,26,1,1,1,0,0,0,0,0,0,1,1,0,0,0,0,0,167655,3,646
san javier,Aparta-estudio,27,1,1,1,0,0,0,0,0,0,1,0,0,0,0,1,1,96191,1,647
belén,Apartamento,73,1,1,1,1,0,0,0,0,0,1,1,0,0,0,0,1,230553,0,648
manrique,Aparta-estudio,25,1,1,1,0,1,0,0,0,0,1,1,0,1,0,1,1,183881,1,649
manrique,Apartamento,43,2,1,1,1,1,0,0,0,1,1,1,1,0,0,0,1,243086,4,650
la américa,Casa,94,2,2,0,0,1,1,1,0,1,1,1,1,0,0,0,0,305054,3,651
buenos aires,Apartamento,56,3,1,1,1,0,0,0,0,0,1,0,0,0,0,1,1,162113,3,652
santa cruz,Apartamento,72,3,1,1,0,0,1,0,0,0,0,1,1,0,0,1,1,180022,2,653
la américa,Aparta-estudio,48,1,1,0,0,0,0,0,1,0,1,1,1,0,0,0,0,303687,2,654
robledo,Aparta-estudio,40,1,1,1,1,0,0,0,0,1,1,0,0,0,0,0,0,108148,2,655
castilla,Aparta-estudio,33,1,1,1,1,0,0,1,0,0,1,0,0,0,0,1,1,171128,1,656
doce de octubre,Aparta-estudio,36,1,1,1,0,0,0,0,0,0,1,1,1,1,0,1,0,159439,0,657
buenos aires,Aparta-estudio,44,1,1,1,1,0,0,0,0,1,1,0,0,1,0,0,0,180189,3,658
aranjuez,Apartamento,74,1,1,1,1,0,0,0,0,0,1,0,0,0,0,0,0,133594,2,659
popular,Apartamento,52,1,1,1,0,0,1,1,0,0,1,0,0,0,0,1,1,204210,3,660
robledo,Apartamento,49,2,1,1,0,0,0,0,0,0,1,1,0,0,0,1,1,226149,1,661
la américa,Aparta-estudio,23,1,1,0,1,0,1,0,0,0,1,0,0,0,0,0,1,166439,4,662
la américa,Casa,72,2,1,1,0,1,0,0,0,0,1,0,0,0,0,0,0,214940,0,663
la américa,Apartamento,67,1,1,1,0,1,1,0,0,0,1,0,0,0,0,0,1,277926,1,664
santa cruz,Aparta-estudio,22,1,1,0,0,0,0,1,0,0,1,0,0,0,0,0,1,122348,3,665
belén,Aparta-estudio,29,1,1,1,1,0,0,1,0,1,1,0,0,0,0,0,0,310037,0,666
buenos aires,Aparta-estudio,44,1,1,1,1,1,0,0,0,1,0,0,0,0,1,1,1,239872,0,667
santa cruz,Apartamento,61,3,1,1,1,1,1,1,0,1,1,1,0,0,0,0,1,293086,3,668
manrique,Apartamento,53,1,1,1,1,1,1,0,0,0,1,0,0,0,0,1,1,178162,2,669
doce de octubre,Aparta-estudio,43,1,1,1,1,1,1,0,0,1,0,0,0,0,0,1,0,198892,3,670
robledo,Aparta-estudio,34,1,1,0,0,0,0,1,0,1,1,0,0,0,1,0,1,208081,3,671
belén,Apartamento,42,3,1,1,1,0,0,0,0,0,0,0,0,0,0,0,1,181562,0,672
doce de octubre,Aparta-estudio,42,1,1,0,1,1,1,0,0,0,1,0,0,0,0,1,0,131552,1,673
san antonio de prado,Apartamento,41,1,1,1,0,1,1,1,0,0,0,0,0,0,0,0,1,204140,0,674
buenos aires,Apartamento,65,1,1,1,1,1,0,1,0,0,0,1,0,0,0,0,1,246863,1,675
castilla,Apartamento,55,1,1,1,1,1,0,0,0,0,1,1,0,0,1,0,1,238208,4,676
robledo,Apartamento,46,3,1,0,0,0,0,0,0,1,1,1,0,0,0,0,1,146945,1,677
villa hermosa,Apartamento,78,1,1,1,1,1,0,1,0,1,0,0,0,0,0,0,0,174476,1,678
santa cruz,Aparta-estudio,45,1,1,1,1,0,0,0,0,0,0,0,1,0,0,0,1,180342,0,679
aranjuez,Aparta-estudio,32,1,1,0,0,1,0,0,0,0,0,0,0,1,0,1,1,191325,0,681
san antonio de prado,Apartamento,52,1,1,0,1,1,0,0,0,0,1,1,0,0,1,0,0,257367,1,682
san antonio de prado,Apartamento,75,1,1,1,0,1,0,0,0,1,1,0,0,0,0,0,0,222262,0,683
el poblado,Apartamento,127,3,1,1,1,0,0,0,0,1,0,1,0,0,0,0,1,286558,4,684
robledo,Apartamento,45,2,1,1,1,0,0,0,0,1,0,1,1,0,0,0,1,264435,2,685
san antonio de prado,Casa,96,3,1,1,1,0,0,1,0,0,1,0,0,0,1,0,0,237018,4,686
castilla,Aparta-estudio,36,1,1,1,0,0,0,0,0,0,1,0,0,0,0,0,1,155179,3,687
aranjuez,Apartamento,54,1,1,1,0,0,0,0,0,0,0,0,0,0,1,0,1,187070,2,688
santa cruz,Apartamento,72,3,1,1,1,1,0,0,1,0,1,1,1,0,1,1,1,273289,2,689
robledo,Aparta-estudio,25,1,1,1,1,1,0,0,0,1,1,1,0,0,0,0,1,207091,4,690
popular,Aparta-estudio,34,1,1,1,1,0,0,1,0,0,1,1,1,0,1,0,1,203690,4,691
laureles-estadio,Apartamento,53,1,1,1,1,1,0,0,0,0,0,0,1,0,1,1,0,353880,4,692
aranjuez,Aparta-estudio,48,1,1,1,1,0,0,0,0,1,1,0,0,0,1,0,1,163936,1,693
aranjuez,Casa,92,3,2,1,0,1,1,1,0,0,1,1,1,0,0,0,1,329306,4,694
aranjuez,Aparta-estudio,31,1,1,1,1,0,0,0,0,0,1,1,0,0,0,0,1,121153,3,695
aranjuez,Aparta-estudio,24,1,1,1,1,1,0,1,0,0,0,0,0,0,1,0,0,200043,4,696
belén,Apartamento,50,2,1,1,1,0,1,0,0,0,1,1,0,0,0,1,1,300440,0,697
la américa,Apartamento,41,1,1,1,1,0,1,0,0,1,0,0,0,0,0,0,1,239889,4,698
villa hermosa,Casa,74,2,2,1,0,0,0,1,0,0,0,1,0,0,0,1,0,261193,2,699
belén,Apartamento,45,3,1,1,0,1,0,1,0,0,0,0,0,0,0,0,1,199094,3,700
san antonio de prado,Apartamento,73,1,1,1,1,0,0,0,0,0,1,1,1,0,0,1,0,208292,3,702
la américa,Casa,96,2,2,1,1,0,0,0,0,0,1,0,0,0,0,1,1,358162,4,703
santa cruz,Aparta-estudio,20,1,1,1,1,0,0,0,0,0,1,0,0,0,0,1,0,120627,4,704
castilla,Apartamento,71,3,1,0,1,1,0,0,0,0,1,0,1,0,1,0,0,187721,1,705
manrique,Aparta-estudio,27,1,1,1,1,0,1,1,0,0,1,0,0,0,0,0,1,181563,1,706
san javier,Apartamento,62,1,1,1,0,1,0,0,1,0,0,0,0,0,0,0,0,189346,2,707
belén,Apartamento,65,3,1,0,0,0,0,1,0,0,1,0,1,0,0,0,0,312624,4,708
buenos aires,Aparta-estudio,35,1,1,0,0,0,0,1,0,0,0,1,0,0,0,0,0,223374,3,709
manrique,Aparta-estudio,36,1,1,0,0,1,1,0,0,0,1,0,0,0,0,0,0,155251,0,710
villa hermosa,Casa,94,4,2,1,0,0,1,0,0,0,0,0,0,0,0,1,1,299923,4,711
aranjuez,Aparta-estudio,39,1,1,1,1,1,0,0,0,0,1,1,0,0,0,0,1,221555,2,713
laureles-estadio,Apartamento,70,3,1,1,1,0,0,1,0,0,1,1,0,0,0,1,0,298851,4,714
popular,Apartamento,77,1,1,1,1,0,1,0,0,1,1,0,0,0,0,1,0,190493,2,715
aranjuez,Casa,64,4,2,1,0,1,0,0,0,0,1,0,0,0,0,0,1,235274,0,716
san javier,Aparta-estudio,47,1,1,1,0,0,0,0,0,1,0,0,0,0,0,1,0,128404,0,717
buenos aires,Apartamento,46,2,1,1,1,0,0,0,0,0,1,0,0,0,0,1,1,194971,2,718
castilla,Aparta-estudio,30,1,1,0,0,0,1,0,0,1,1,1,0,0,0,1,1,236170,3,719
castilla,Aparta-estudio,31,1,1,1,0,0,0,1,1,0,0,0,1,0,0,1,0,159859,2,720
belén,Apartamento,52,1,1,1,1,0,0,0,0,0,1,1,1,0,0,0,1,211664,3,721
el poblado,Apartamento,124,2,1,1,1,0,1,1,0,1,1,0,0,0,0,1,1,302690,2,722
manrique,Aparta-estudio,42,1,1,1,1,0,0,0,0,0,1,1,0,0,0,1,1,204771,1,723
san javier,Casa,69,2,1,1,1,1,0,0,0,0,1,0,0,0,1,1,1,304479,0,724
popular,Aparta-estudio,48,1,1,1,1,1,1,0,0,0,0,1,0,0,0,0,1,147930,3,725
manrique,Aparta-estudio,20,1,1,1,0,1,0,0,0,0,1,0,0,0,0,1,1,112291,4,726
la américa,Apartamento,51,2,1,0,0,0,1,0,0,0,1,0,0,0,1,0,1,291971,2,727
doce de octubre,Casa,73,3,1,1,1,1,0,0,0,0,0,0,0,0,0,0,1,247235,3,728
castilla,Casa,94,4,1,1,0,1,0,0,0,0,0,0,0,0,0,1,1,208471,3,729
buenos aires,Casa,83,3,1,0,1,0,0,0,0,0,1,0,1,0,0,0,0,259141,2,730
robledo,Aparta-estudio,29,1,1,0,1,1,1,0,0,1,1,0,0,1,0,1,1,208094,2,731
castilla,Apartamento,59,3,1,1,0,0,0,1,0,1,1,1,0,0,0,1,0,212124,2,732
buenos aires,Apartamento,62,3,1,1,1,1,1,0,0,0,1,0,0,0,0,0,1,240550,3,734
san antonio de prado,Aparta-estudio,39,1,1,0,1,1,1,0,0,0,0,0,0,1,0,1,0,170518,2,736
aranjuez,Casa,75,2,1,0,1,0,0,0,0,1,0,0,0,0,0,0,1,207694,3,737
el poblado,Aparta-estudio,79,1,1,1,1,0,0,0,0,0,1,0,0,0,0,1,1,241639,0,738
buenos aires,Casa,68,3,2,1,0,1,0,1,0,1,1,1,0,0,1,0,1,361272,2,739
laureles-estadio,Aparta-estudio,23,1,1,0,0,0,1,0,0,1,1,0,1,0,0,1,0,257351,0,740
doce de octubre,Casa,97,3,2,1,0,0,0,0,0,0,1,0,0,0,0,0,0,219824,1,741
manrique,Aparta-estudio,35,1,1,1,1,1,0,0,0,0,1,0,1,0,0,0,1,188326,0,742
santa cruz,Aparta-estudio,31,1,1,1,1,0,1,1,0,1,0,0,0,1,0,0,0,232585,4,743
santa cruz,Apartamento,56,3,1,1,0,1,0,1,0,0,1,1,0,0,0,1,1,211427,0,744
la américa,Apartamento,52,3,1,1,1,0,1,0,0,1,0,1,0,0,0,0,1,205202,1,745
buenos aires,Apartamento,60,1,1,0,1,0,0,0,0,0,1,1,0,1,0,1,1,181222,3,746
villa hermosa,Apartamento,67,2,1,1,0,1,0,0,0,0,1,1,0,0,0,0,1,208311,2,747
belén,Apartamento,64,3,1,0,0,1,1,0,0,1,1,0,0,0,0,0,0,322238,3,748
doce de octubre,Apartamento,41,1,1,1,0,1,1,0,0,0,0,1,0,0,0,0,1,228998,3,749
popular,Apartamento,53,2,1,1,0,0,0,0,0,0,1,0,0,0,0,0,0,166070,3,750
buenos aires,Apartamento,61,2,1,1,0,0,0,1,0,0,1,0,0,0,0,1,0,257263,1,751
castilla,Aparta-estudio,47,1,1,1,0,0,0,0,1,0,0,1,0,0,0,0,0,193418,0,752
robledo,Aparta-estudio,32,1,1,1,1,0,0,0,0,1,0,0,0,0,0,0,1,187292,1,753
popular,Aparta-estudio,36,1,1,1,0,0,0,1,0,0,1,1,0,0,0,0,0,184163,4,754
manrique,Aparta-estudio,41,1,1,1,0,0,1,0,0,1,1,0,0,0,0,0,1,129582,2,755
buenos aires,Aparta-estudio,26,1,1,0,0,0,0,0,0,0,1,0,0,0,0,0,1,167431,1,756
san antonio de prado,Apartamento,67,2,1,1,0,0,0,0,0,0,1,0,0,0,0,0,1,156000,3,757
la américa,Apartamento,66,3,1,0,1,0,0,0,1,1,0,1,0,0,0,0,0,331266,4,758
buenos aires,Aparta-estudio,36,1,1,1,1,0,0,0,0,0,0,0,0,0,0,1,1,141907,3,759
popular,Aparta-estudio,36,1,1,1,0,1,0,0,0,0,1,1,0,1,0,0,1,179668,3,760
manrique,Aparta-estudio,47,1,1,1,1,0,0,1,0,0,1,1,0,0,0,1,0,205758,1,761
santa cruz,Aparta-estudio,29,1,1,1,1,1,1,0,0,0,0,0,1,1,0,0,1,238915,0,762
aranjuez,Apartamento,64,3,1,1,1,1,0,0,0,0,0,0,0,1,0,1,1,281300,2,764
laureles-estadio,Apartamento,53,3,1,0,1,0,0,0,1,0,0,1,0,0,0,1,0,223032,1,765
manrique,Apartamento,67,2,1,1,1,0,0,0,0,0,0,0,0,0,0,0,1,126281,4,766
robledo,Casa,63,3,1,0,1,1,0,0,0,0,1,0,0,0,0,0,1,293279,3,767
buenos aires,Apartamento,77,3,1,1,1,0,1,1,0,0,0,0,0,0,0,0,1,218782,0,768
belén,Aparta-estudio,45,1,1,1,1,1,1,0,0,0,0,0,1,0,0,1,0,252119,3,769
buenos aires,Aparta-estudio,34,1,1,1,1,0,0,1,0,0,1,1,0,0,0,1,1,203792,1,770
santa cruz,Aparta-estudio,32,1,1,1,1,1,0,0,0,0,1,1,1,0,0,1,1,224832,4,771
laureles-estadio,Apartamento,79,2,1,1,1,0,0,0,0,0,1,0,0,0,0,0,1,258092,0,772
el poblado,Apartamento,60,1,1,1,1,0,1,0,0,0,1,0,0,0,1,0,1,311236,1,773
aranjuez,Casa,85,3,1,1,0,0,0,0,1,0,0,0,0,0,0,0,0,236612,2,774
castilla,Apartamento,78,1,1,1,0,0,0,0,0,0,1,1,0,0,0,0,0,140744,2,775
robledo,Casa,61,3,2,1,1,0,0,0,0,0,1,1,0,0,0,1,0,281090,1,776
la américa,Apartamento,75,2,1,1,0,0,0,0,0,0,0,1,0,0,0,0,0,271648,4,777
la américa,Apartamento,79,1,1,1,0,0,0,0,1,0,1,0,0,0,0,0,0,195234,4,778
laureles-estadio,Casa,92,3,1,1,1,1,1,0,0,0,1,1,0,0,0,0,1,298663,0,779
el poblado,Casa,264,3,2,1,0,0,1,0,0,0,1,0,0,0,0,0,0,245978,4,780
san javier,Aparta-estudio,44,1,1,0,0,0,0,0,0,0,1,0,0,0,0,1,1,101397,4,781
santa cruz,Apartamento,56,2,1,1,0,1,0,0,0,0,1,0,0,0,0,1,1,150091,2,782
san antonio de prado,Apartamento,68,3,1,1,0,0,0,0,0,1,1,0,0,0,0,0,1,189812,1,783
belén,Apartamento,44,3,1,1,1,0,0,0,0,1,1,0,0,0,0,0,1,316489,2,784
castilla,Aparta-estudio,39,1,1,1,1,1,0,0,0,0,1,0,0,0,0,1,0,228053,2,785
san antonio de prado,Aparta-estudio,21,1,1,1,0,0,0,0,0,0,1,0,0,0,1,1,1,137343,0,786
doce de octubre,Apartamento,52,3,1,1,0,1,0,0,0,0,0,1,0,0,1,0,1,248703,0,789
villa hermosa,Casa,62,2,1,1,0,1,0,0,0,0,1,1,0,0,0,1,0,217233,2,790
san javier,Apartamento,67,3,1,1,1,0,0,0,0,0,0,0,0,0,0,1,1,200288,3,791
aranjuez,Apartamento,59,3,1,1,0,0,0,0,0,0,1,0,0,0,0,0,1,236120,1,792
laureles-estadio,Apartamento,58,1,1,0,0,1,1,0,0,0,1,0,0,0,0,0,1,317735,0,793
belén,Apartamento,75,3,1,1,0,1,0,0,1,1,1,0,0,0,0,1,1,233578,3,794
castilla,Aparta-estudio,26,1,1,1,1,0,0,0,0,0,0,0,0,0,0,0,1,155066,1,795
popular,Aparta-estudio,20,1,1,0,1,0,0,0,0,0,1,1,0,0,0,0,0,156800,3,796
robledo,Apartamento,48,2,1,1,0,0,1,1,0,1,0,1,0,0,0,0,1,242022,4,797
castilla,Casa,65,4,1,1,1,1,0,0,0,0,1,0,0,0,0,0,0,197693,3,798
la américa,Apartamento,52,2,1,0,1,0,1,0,0,0,1,0,0,0,0,0,1,292984,3,799
popular,Aparta-estudio,41,1,1,1,1,1,0,0,0,0,1,0,1,0,0,1,0,212664,0,800
manrique,Casa,66,4,1,1,1,0,0,0,0,0,1,1,0,0,0,0,1,248950,0,801
santa cruz,Aparta-estudio,20,1,1,1,1,1,0,0,1,1,0,0,0,0,0,0,1,167151,0,802
robledo,Casa,78,3,1,1,1,1,1,0,0,0,1,0,0,0,0,0,1,213116,3,803
castilla,Aparta-estudio,39,1,1,1,0,1,1,0,0,1,1,0,0,0,0,0,1,182680,1,804
popular,Apartamento,74,3,1,0,1,1,0,0,0,0,1,0,1,0,0,1,0,240978,4,805
aranjuez,Casa,86,3,1,1,0,0,0,0,0,0,1,0,0,1,1,0,1,271275,1,806
belén,Apartamento,63,1,1,1,1,1,0,0,0,0,0,1,0,1,0,0,1,248576,0,807
buenos aires,Aparta-estudio,24,1,1,1,1,0,0,0,0,0,1,0,1,0,0,0,0,156800,2,808
santa cruz,Apartamento,50,1,1,1,0,1,0,0,0,0,0,1,0,0,0,0,1,198474,4,809
san antonio de prado,Aparta-estudio,43,1,1,1,0,0,0,0,0,1,1,0,0,0,0,0,1,152934,0,810
san antonio de prado,Casa,77,3,1,0,0,1,0,0,0,1,0,0,0,0,1,0,1,197454,3,811
aranjuez,Apartamento,71,1,1,1,1,1,0,0,0,1,0,1,0,0,1,0,0,220809,3,812
manrique,Aparta-estudio,39,1,1,0,0,1,0,0,0,1,1,1,1,0,0,0,1,173244,1,813
san antonio de prado,Apartamento,44,3,1,1,0,1,1,1,0,0,1,0,1,0,0,0,0,201842,4,814
san javier,Apartamento,65,2,1,1,1,0,0,0,0,1,0,0,0,0,0,1,0,206971,4,815
belén,Apartamento,66,2,1,1,1,1,0,0,0,0,1,1,1,0,0,0,0,250996,4,816
san antonio de prado,Apartamento,47,1,1,1,1,0,0,0,0,0,1,0,0,0,0,0,1,154627,4,817
manrique,Apartamento,63,1,1,0,0,0,0,0,0,0,1,1,1,0,0,1,1,183873,2,818
doce de octubre,Aparta-estudio,44,1,1,1,1,0,1,0,0,0,0,0,0,0,0,0,1,156582,3,819
robledo,Casa,88,4,2,1,1,0,0,0,0,1,1,0,0,0,1,0,0,239518,0,820
belén,Aparta-estudio,38,1,1,0,1,0,0,0,0,1,1,0,0,0,0,0,1,228765,3,821
aranjuez,Casa,77,4,1,1,0,1,0,0,0,0,1,0,0,0,0,0,1,199774,3,822
san antonio de prado,Casa,86,2,2,0,0,1,0,0,0,1,1,0,0,0,0,0,1,255863,3,823
manrique,Aparta-estudio,22,1,1,0,1,1,0,0,0,0,0,0,0,1,0,1,0,125521,2,824
belén,Aparta-estudio,33,1,1,1,0,1,0,0,0,0,1,0,0,0,0,0,0,217378,0,825
la américa,Apartamento,50,1,1,1,1,0,0,1,0,0,1,0,0,0,0,0,1,212288,0,826
villa hermosa,Apartamento,75,1,1,1,1,0,0,1,0,1,1,0,0,0,0,1,0,169055,4,827
castilla,Apartamento,59,3,1,1,0,0,0,0,0,0,1,1,0,0,0,1,1,155753,1,828
belén,Apartamento,76,2,1,1,1,0,1,0,0,0,1,0,0,0,0,0,1,300923,2,829
manrique,Aparta-estudio,44,1,1,1,1,1,0,0,0,0,1,1,0,0,0,0,1,194627,1,830
doce de octubre,Apartamento,79,1,1,0,0,1,0,0,0,1,1,0,0,0,0,1,0,129748,2,831
buenos aires,Aparta-estudio,40,1,1,1,0,1,1,1,0,1,0,0,0,0,1,0,1,213131,0,832
popular,Apartamento,49,1,1,0,0,1,0,0,0,1,1,0,1,1,0,0,0,188140,1,833
doce de octubre,Aparta-estudio,49,1,1,1,0,0,0,1,0,0,0,1,0,0,0,0,0,132244,3,834
belén,Casa,74,2,1,1,0,0,1,0,0,1,0,0,0,0,0,1,0,316284,2,835
la américa,Apartamento,48,3,1,0,1,0,0,1,0,0,1,1,0,0,0,0,1,191106,1,836
san antonio de prado,Apartamento,55,2,1,0,0,0,1,0,0,0,0,0,0,0,0,1,1,145960,0,837
la américa,Casa,98,3,1,0,1,1,0,0,0,1,0,0,0,0,0,0,0,282655,1,838
castilla,Apartamento,52,3,1,1,1,0,1,0,0,0,0,1,0,0,0,0,0,238683,3,839
manrique,Aparta-estudio,22,1,1,0,0,0,0,0,0,1,0,0,0,0,0,1,1,95919,0,840
santa cruz,Aparta-estudio,34,1,1,1,0,1,0,0,0,0,0,1,0,0,0,0,0,162158,0,841
villa hermosa,Apartamento,51,1,1,1,1,1,0,0,0,0,0,0,1,0,0,0,1,245146,1,842
la américa,Apartamento,51,3,1,1,0,0,0,0,0,0,0,0,0,0,0,0,1,234779,0,843
aranjuez,Aparta-estudio,31,1,1,1,1,0,0,0,0,0,0,0,0,0,0,0,1,179822,0,844
san antonio de prado,Apartamento,61,2,1,1,1,0,0,0,0,0,0,0,0,0,0,0,0,200330,3,845
castilla,Aparta-estudio,34,1,1,1,0,1,0,0,0,0,1,0,0,0,0,1,1,181084,1,846
belén,Apartamento,41,1,1,1,1,0,0,0,0,1,1,0,0,0,0,0,0,158217,3,847
san javier,Casa,69,2,2,0,1,0,1,0,0,1,1,0,0,0,0,0,1,281973,1,848
popular,Aparta-estudio,44,1,1,1,0,1,1,0,0,0,0,1,0,0,1,0,1,182312,2,850
doce de octubre,Apartamento,55,2,1,1,1,0,0,0,0,0,1,0,0,1,0,0,1,167772,3,851
el poblado,Apartamento,75,3,1,1,0,1,0,0,0,0,1,1,0,0,0,0,1,249108,4,852
la américa,Apartamento,46,2,1,1,1,0,0,1,0,1,0,1,0,0,0,0,0,190990,3,853
laureles-estadio,Aparta-estudio,33,1,1,1,0,0,0,0,0,0,0,1,0,0,0,1,0,256091,4,854
buenos aires,Casa,99,2,1,1,0,0,1,0,0,0,1,0,0,0,0,0,1,177229,4,855
popular,Apartamento,77,2,1,1,0,1,0,0,1,0,1,0,1,0,0,0,0,246114,1,856
laureles-estadio,Aparta-estudio,38,1,1,1,1,1,0,0,0,0,1,1,1,0,0,1,0,379197,0,857
san antonio de prado,Casa,62,3,1,1,1,0,0,0,0,0,0,1,0,0,0,0,1,206098,1,858
doce de octubre,Apartamento,44,3,1,1,1,0,0,0,0,1,1,0,0,0,0,0,1,214806,3,859
san antonio de prado,Aparta-estudio,22,1,1,0,0,0,0,0,0,1,0,1,0,0,0,0,0,132630,1,860
robledo,Apartamento,46,1,1,1,1,0,0,1,1,1,0,0,0,0,0,0,1,283051,2,861
castilla,Aparta-estudio,28,1,1,0,1,1,0,0,0,1,1,1,0,0,0,0,1,153948,2,862
san antonio de prado,Casa,94,4,1,1,1,0,0,0,0,1,1,1,0,0,0,0,0,283441,2,863
buenos aires,Apartamento,59,3,1,1,0,0,0,0,0,0,0,1,1,0,0,0,1,155534,2,864
el poblado,Aparta-estudio,58,1,1,1,0,0,1,0,0,0,0,0,0,0,1,1,0,285139,0,865
el poblado,Apartamento,68,1,1,1,0,0,0,1,0,0,1,1,1,0,0,0,1,346906,2,866
doce de octubre,Aparta-estudio,27,1,1,1,0,0,0,1,0,0,1,0,0,0,0,0,0,163249,2,867
laureles-estadio,Casa,97,3,1,1,0,1,0,0,0,0,1,1,0,0,0,0,1,345233,0,868
villa hermosa,Apartamento,52,3,1,1,0,1,0,0,0,0,1,0,0,1,0,1,0,222867,3,869
la américa,Casa,65,3,1,1,1,1,1,0,0,0,0,0,0,0,0,0,0,273198,2,870
san antonio de prado,Apartamento,58,2,1,1,1,1,0,0,1,1,1,1,0,0,0,0,1,228812,2,871
manrique,Aparta-estudio,41,1,1,1,0,1,1,0,0,1,1,0,0,0,0,0,1,133666,1,872
robledo,Apartamento,70,1,1,1,0,0,0,0,0,1,1,1,0,0,0,0,1,147904,1,873
castilla,Apartamento,70,3,1,1,0,1,0,0,0,1,1,0,0,0,0,0,1,215820,3,874
manrique,Aparta-estudio,46,1,1,1,1,0,1,0,1,1,1,0,0,0,1,0,1,257644,3,875
san antonio de prado,Aparta-estudio,28,1,1,1,1,0,0,0,0,0,0,1,0,0,0,0,1,206331,2,876
san javier,Apartamento,58,1,1,1,1,0,0,0,1,1,0,0,1,0,0,0,1,182298,3,877
santa cruz,Apartamento,72,3,1,1,1,0,0,0,0,0,0,0,1,0,0,0,0,192826,3,878
robledo,Aparta-estudio,47,1,1,0,0,1,1,1,0,1,0,1,0,0,0,0,1,222928,4,879
santa cruz,Aparta-estudio,20,1,1,1,1,0,0,0,0,0,1,0,0,0,1,1,0,196188,4,880
aranjuez,Aparta-estudio,33,1,1,1,1,0,0,1,0,0,1,0,0,0,0,0,0,215185,4,881
doce de octubre,Apartamento,62,1,1,1,0,0,0,0,0,0,1,0,0,0,0,0,0,196051,2,882
villa hermosa,Apartamento,54,2,1,1,1,0,0,0,0,1,0,0,1,0,0,0,1,174902,3,883
san javier,Aparta-estudio,27,1,1,1,1,1,0,0,0,1,0,1,0,0,1,0,1,233361,1,885
popular,Apartamento,56,1,1,1,0,1,0,0,0,0,1,0,0,0,0,0,1,175099,2,886
el poblado,Apartamento,82,3,1,1,0,1,0,0,0,0,1,0,0,0,1,0,1,364763,4,887
laureles-estadio,Aparta-estudio,46,1,1,1,0,0,1,0,0,0,1,1,1,0,0,1,1,382563,1,889
la américa,Apartamento,43,2,1,1,1,0,0,0,0,0,1,1,0,0,0,0,1,197969,2,890
manrique,Aparta-estudio,26,1,1,0,0,1,0,0,0,1,1,0,0,0,1,1,0,144095,0,891
laureles-estadio,Apartamento,58,2,1,1,1,0,0,1,0,0,0,0,0,0,0,1,1,289929,1,892
robledo,Apartamento,46,3,1,0,0,0,0,0,0,0,1,0,0,0,0,0,1,190314,4,893
laureles-estadio,Apartamento,49,1,1,1,1,1,0,0,0,1,0,0,0,1,1,0,1,353405,4,894
la américa,Apartamento,79,2,1,1,0,1,0,0,0,0,0,0,0,0,0,0,1,259187,0,895
manrique,Casa,70,2,1,1,0,0,1,0,0,0,0,0,0,0,0,0,1,232002,0,896
buenos aires,Apartamento,50,2,1,1,1,0,0,0,0,0,0,0,1,0,0,1,1,190463,4,897
castilla,Apartamento,68,3,1,1,0,0,0,0,1,1,0,1,0,1,0,0,1,257503,4,898
buenos aires,Apartamento,50,3,1,1,1,0,0,1,0,0,1,0,0,0,0,0,1,186359,0,899
popular,Aparta-estudio,41,1,1,1,1,0,0,0,0,1,0,1,0,0,0,0,0,144307,3,900
laureles-estadio,Apartamento,44,3,1,1,0,1,0,0,0,1,1,1,0,0,0,0,1,269489,2,901
aranjuez,Apartamento,54,2,1,1,1,1,0,0,0,1,0,1,0,0,1,1,0,212588,3,902
san javier,Casa,81,3,1,1,1,0,0,1,0,0,0,0,0,0,0,1,1,225138,3,903
belén,Apartamento,53,1,1,1,0,1,0,0,0,1,1,1,0,0,0,0,0,210702,2,904
villa hermosa,Aparta-estudio,35,1,1,1,0,0,0,0,0,0,1,0,1,1,0,0,0,221338,4,905
laureles-estadio,Apartamento,70,3,1,1,0,0,0,0,0,0,1,0,0,0,0,1,0,369392,4,906
la américa,Casa,61,4,2,1,1,0,1,0,0,1,0,0,0,1,0,0,1,339474,4,907
san antonio de prado,Apartamento,52,1,1,1,1,0,0,0,0,0,1,1,0,1,0,1,1,254532,3,908
manrique,Aparta-estudio,21,1,1,1,0,0,0,1,0,1,1,1,0,0,0,0,1,141436,0,909
robledo,Casa,87,4,1,1,1,1,0,0,0,1,1,0,0,0,0,1,1,230912,1,910
castilla,Apartamento,50,1,1,1,0,1,0,0,0,0,1,0,0,1,0,0,0,171015,1,911
manrique,Aparta-estudio,45,1,1,1,0,0,1,0,0,0,0,1,0,0,0,0,1,190756,1,912
robledo,Aparta-estudio,36,1,1,1,1,0,0,0,0,0,0,0,0,0,0,0,1,225992,2,913
manrique,Aparta-estudio,29,1,1,1,0,1,1,0,0,0,1,0,1,0,1,1,1,165320,2,914
santa cruz,Apartamento,75,2,1,1,0,1,0,0,1,0,1,0,0,0,0,0,1,168504,2,915
san javier,Casa,76,3,2,0,1,0,0,0,0,1,1,1,1,0,1,0,0,258862,3,916
san javier,Apartamento,53,2,1,0,0,0,1,1,0,0,0,0,0,0,0,0,0,194972,1,917
doce de octubre,Apartamento,75,3,1,1,1,1,0,0,0,0,1,1,0,0,0,0,1,196001,0,918
san antonio de prado,Aparta-estudio,46,1,1,1,1,1,0,0,0,0,0,0,0,0,0,0,1,188249,3,919
robledo,Casa,85,2,2,1,0,0,0,0,0,0,1,0,0,0,0,0,1,228759,1,920
villa hermosa,Casa,94,3,1,0,0,0,1,0,0,0,1,0,0,0,0,0,0,179746,2,921
san antonio de prado,Apartamento,59,2,1,1,1,0,1,0,0,0,0,0,0,0,0,0,0,155666,0,922
popular,Apartamento,47,3,1,1,1,1,0,0,0,0,1,0,0,0,0,0,1,168354,1,923
belén,Apartamento,78,3,1,1,0,1,1,0,0,0,1,0,0,0,0,1,1,254005,3,924
popular,Aparta-estudio,29,1,1,1,0,1,0,0,0,0,0,1,0,0,0,0,1,143672,2,925
la américa,Apartamento,54,2,1,1,1,0,0,0,0,0,1,0,0,0,0,0,1,225467,1,926
belén,Apartamento,74,3,1,1,1,1,0,0,0,1,1,0,0,0,0,0,1,271713,3,927
la américa,Casa,62,4,2,1,1,0,0,1,0,0,0,1,0,0,0,0,0,271083,3,928
robledo,Casa,91,2,2,0,1,1,0,1,0,0,1,0,0,0,0,0,1,312954,2,929
castilla,Casa,92,3,1,1,1,1,0,1,0,0,1,0,0,0,0,0,0,220753,2,930
laureles-estadio,Casa,79,4,2,1,1,1,0,0,0,0,1,0,0,1,0,1,1,351927,0,931
la américa,Apartamento,66,3,1,1,1,0,0,0,0,0,0,0,0,0,0,1,1,214138,1,932
la américa,Aparta-estudio,34,1,1,1,0,1,1,0,0,1,1,0,0,0,0,1,0,143533,0,933
aranjuez,Apartamento,45,3,1,0,1,0,0,1,1,1,1,0,0,0,0,1,0,266298,3,934
aranjuez,Aparta-estudio,43,1,1,1,0,1,0,0,0,1,0,0,0,0,0,1,0,187001,4,935
san javier,Apartamento,72,3,1,0,0,1,1,0,0,0,0,0,1,1,0,0,1,218858,4,937
belén,Casa,64,2,2,1,1,1,0,0,0,0,0,1,0,0,0,0,0,278731,0,938
el poblado,Apartamento,93,3,1,1,0,0,0,0,0,0,0,0,0,0,1,0,0,303880,4,939
doce de octubre,Apartamento,77,1,1,1,0,0,1,0,0,0,1,0,1,0,1,0,1,258129,4,940
popular,Aparta-estudio,27,1,1,1,1,1,0,1,0,1,1,0,1,0,0,0,1,209494,0,941
el poblado,Apartamento,97,1,1,1,1,1,0,1,0,0,1,1,0,0,0,0,1,336098,0,942
san javier,Apartamento,45,2,1,1,1,1,1,0,0,0,1,1,0,0,0,0,0,237038,3,943
popular,Apartamento,45,3,1,1,1,1,0,0,1,0,1,1,0,0,1,0,1,245754,1,944
buenos aires,Casa,71,3,1,1,0,0,0,0,1,0,0,0,1,0,0,0,0,238795,3,945
laureles-estadio,Apartamento,47,2,1,0,1,0,0,1,0,0,1,0,0,0,0,0,0,375562,3,946
santa cruz,Apartamento,79,3,1,1,0,1,0,0,0,0,1,0,0,0,0,0,0,141919,4,947
laureles-estadio,Apartamento,58,1,1,1,1,1,0,0,0,0,1,0,0,0,1,1,1,363531,0,948
castilla,Apartamento,74,3,1,0,0,1,0,0,0,0,0,1,0,1,0,0,1,196523,3,949
san antonio de prado,Aparta-estudio,21,1,1,1,0,1,0,0,0,0,1,0,0,0,0,1,0,118060,3,951
aranjuez,Aparta-estudio,43,1,1,0,1,1,1,0,0,1,1,1,0,0,0,1,0,244954,3,952
santa cruz,Aparta-estudio,22,1,1,0,1,0,0,0,0,0,0,0,0,1,0,1,1,155054,0,953
doce de octubre,Casa,77,2,1,0,0,1,0,1,0,1,1,0,0,0,0,0,0,253979,0,954
la américa,Apartamento,61,1,1,1,0,0,1,1,0,0,0,1,0,1,0,1,1,228033,3,955
san javier,Apartamento,46,2,1,1,0,0,0,0,0,1,1,0,0,0,0,0,0,135302,0,956
santa cruz,Aparta-estudio,40,1,1,1,1,0,0,0,1,0,0,0,0,0,0,0,1,136434,3,957
popular,Apartamento,74,2,1,0,0,1,0,0,0,0,1,1,0,0,0,0,0,168449,1,958
san javier,Aparta-estudio,30,1,1,0,1,0,1,1,0,0,1,1,0,0,0,1,0,227959,3,959
belén,Aparta-estudio,34,1,1,1,1,1,0,1,0,1,0,1,0,0,0,1,1,334401,1,960
san antonio de prado,Apartamento,49,1,1,1,1,0,0,0,0,0,1,0,0,1,1,1,1,211665,4,961
doce de octubre,Apartamento,52,3,1,1,0,0,0,0,0,0,1,0,1,1,0,1,1,199033,1,962
buenos aires,Apartamento,69,3,1,1,1,1,1,0,0,0,0,0,0,0,1,1,0,199874,1,963
laureles-estadio,Apartamento,77,3,1,1,1,0,1,0,0,0,1,1,0,0,0,1,1,268174,2,964
buenos aires,Casa,60,3,1,1,1,0,1,0,0,0,0,1,0,0,0,1,1,219284,0,965
buenos aires,Casa,79,3,2,0,1,0,0,0,0,0,0,1,1,0,0,0,0,220250,3,966
belén,Apartamento,76,3,1,0,0,1,0,0,0,1,0,1,0,0,0,0,1,238804,2,967
popular,Aparta-estudio,44,1,1,1,1,0,0,0,0,1,1,0,0,0,0,0,1,193026,2,968
aranjuez,Casa,82,2,1,1,0,1,0,1,0,0,0,0,0,0,0,0,1,205939,0,969
san antonio de prado,Aparta-estudio,49,1,1,1,1,1,0,0,0,0,0,0,1,0,0,1,1,236698,1,970
santa cruz,Aparta-estudio,44,1,1,1,1,0,0,0,1,0,1,0,1,0,1,0,0,176650,4,971
villa hermosa,Apartamento,78,3,1,1,1,1,1,0,0,1,1,1,0,0,0,0,0,195207,2,972
buenos aires,Aparta-estudio,41,1,1,1,1,1,0,0,0,0,1,0,0,0,1,0,1,211275,4,973
san antonio de prado,Aparta-estudio,34,1,1,0,0,0,0,1,0,0,1,0,0,0,0,0,1,148120,2,974
castilla,Aparta-estudio,20,1,1,1,0,1,0,1,0,0,1,0,0,0,0,1,1,202853,0,975
villa hermosa,Aparta-estudio,40,1,1,0,1,1,1,1,0,0,1,0,0,0,0,0,1,177203,4,976
doce de octubre,Aparta-estudio,31,1,1,1,1,1,0,0,0,0,1,0,0,0,0,0,1,203079,4,977
santa cruz,Aparta-estudio,38,1,1,1,0,1,1,0,0,1,1,0,0,0,0,0,1,199164,3,978
santa cruz,Apartamento,71,3,1,1,1,0,0,1,1,0,0,0,0,0,0,0,1,262250,3,979
doce de octubre,Apartamento,66,3,1,1,1,0,1,0,0,0,1,1,0,1,0,0,1,220702,0,980
la américa,Apartamento,75,2,1,1,0,0,0,0,0,0,1,1,0,0,0,0,1,169095,3,981
villa hermosa,Aparta-estudio,45,1,1,1,0,0,0,0,0,0,1,1,1,1,0,0,1,149785,0,982
santa cruz,Aparta-estudio,44,1,1,1,0,1,1,0,0,0,1,0,0,0,0,0,1,176288,2,983
san javier,Apartamento,43,1,1,1,1,1,1,0,0,0,0,0,0,0,0,0,1,213969,1,984
santa cruz,Apartamento,42,3,1,1,0,1,0,1,0,0,0,1,0,0,0,0,0,166367,1,985
belén,Casa,73,4,1,1,1,0,0,0,0,0,0,0,0,0,0,0,1,295137,2,986
la américa,Apartamento,53,2,1,1,1,0,1,0,0,0,0,0,1,0,0,0,1,245780,4,987
aranjuez,Aparta-estudio,42,1,1,0,0,0,0,1,0,0,1,0,0,0,0,1,1,196720,3,988
doce de octubre,Apartamento,72,1,1,0,1,0,0,0,0,0,1,0,1,1,0,0,1,246726,2,989
santa cruz,Aparta-estudio,27,1,1,1,0,0,0,0,0,0,1,0,1,0,0,0,0,99895,3,990
castilla,Aparta-estudio,29,1,1,0,1,0,0,0,0,0,0,0,0,0,0,0,1,156437,2,991
robledo,Aparta-estudio,21,1,1,1,0,0,1,0,0,0,0,1,0,0,1,1,0,190906,2,992
santa cruz,Casa,68,3,2,1,0,0,0,0,0,0,1,1,0,0,0,0,1,231867,4,994
villa hermosa,Aparta-estudio,32,1,1,1,0,0,0,0,0,0,0,0,1,0,1,0,0,217597,0,995
villa hermosa,Casa,86,2,1,1,1,0,1,0,0,0,1,1,0,0,1,0,1,237617,3,996
la américa,Apartamento,48,1,1,1,1,1,1,0,1,0,0,0,1,0,0,1,1,263181,4,997
el poblado,Aparta-estudio,52,1,1,0,0,0,0,1,0,0,1,0,0,0,0,0,1,239714,3,998
san antonio de prado,Casa,79,2,1,0,1,0,0,0,0,0,1,1,0,0,0,0,1,268855,4,999
